Board,Ref,Qty,MPN,Value,Package,Footprint,Manufacturer,Supplier,Datasheet,Block,Function
audio,U1,1,OPA1612AID,,SOIC-8,POGO_Package_SO:SOIC-8_3.9x4.9mm_P1.27mm,Texas Instruments,,https://www.ti.com/lit/ds/symlink/opa1612.pdf,block-A,Input buffers L+R (non-inv followers); 1.1 nV/√Hz
audio,D1,1,BAT54S,,SOT-23,,Diodes Inc.,,https://www.diodes.com/assets/Datasheets/ds11005.pdf,block-A,L input clamp ±12V
audio,D2,1,BAT54S,,SOT-23,,Diodes Inc.,,https://www.diodes.com/assets/Datasheets/ds11005.pdf,block-A,R input clamp ±12V
audio,R1,1,,100Ω,0603,,,,,block-A,L series protection
audio,R2,1,,100Ω,0603,,,,,block-A,R series protection
audio,C1,1,,100nF,0603,,,,,block-A,U1 +12V decoupling
audio,C2,1,,100nF,0603,,,,,block-A,U1 -12V decoupling
audio,U2,1,OPA1612AID,,SOIC-8,POGO_Package_SO:SOIC-8_3.9x4.9mm_P1.27mm,Texas Instruments,,https://www.ti.com/lit/ds/symlink/opa1612.pdf,block-1,Main pre-gain amp L+R; 1.1 nV/√Hz
audio,U3,1,OPA1612AID,,SOIC-8,POGO_Package_SO:SOIC-8_3.9x4.9mm_P1.27mm,Texas Instruments,,https://www.ti.com/lit/ds/symlink/opa1612.pdf,block-1,Alt BP pre-gain amp L+R; 1.1 nV/√Hz
audio,R3,1,,4.7kΩ,0603,,,,,block-1,R_in main gain stage (×2 ch); 1% for L/R match; low i_n×R noise
audio,R4,1,,18kΩ,0603,,,,,block-1,R_f main gain stage (×2 ch); G = 1 + 18/4.7 = 4.83× ≈ 5×
audio,R5,1,,4.7kΩ,0603,,,,,block-1,R_in alt gain stage (×2 ch)
audio,R6,1,,18kΩ,0603,,,,,block-1,R_f alt gain stage (×2 ch)
audio,C3,1,,100nF,0603,,,,,block-1,U2 +12V decoupling
audio,C4,1,,100nF,0603,,,,,block-1,U2 -12V decoupling
audio,C5,1,,100nF,0603,,,,,block-1,U3 +12V decoupling
audio,C6,1,,100nF,0603,,,,,block-1,U3 -12V decoupling
audio,U4,1,THAT2180LD,,SOIC-8,POGO_Package_SO:SOIC-8_3.9x4.9mm_P1.27mm,THAT Corporation,,https://www.thatcorp.com/datashts/THAT_2180-Series_Datasheet.pdf,block-4,L-channel dB-law VCA
audio,U5,1,THAT2180LD,,SOIC-8,POGO_Package_SO:SOIC-8_3.9x4.9mm_P1.27mm,THAT Corporation,,https://www.thatcorp.com/datashts/THAT_2180-Series_Datasheet.pdf,block-4,R-channel dB-law VCA
audio,U6,1,TL072CDT,,SOIC-8,POGO_Package_SO:SOIC-8_3.9x4.9mm_P1.27mm,Texas Instruments,,https://www.ti.com/lit/ds/symlink/tl072.pdf,block-4,VCA CV conditioning (OFS sum)
audio,RV1,1,3224W-1-xxx,500Ω,SMD,,Bourns,,https://www.bourns.com/docs/Product-Datasheets/3224.pdf,block-4,L unity-gain trim
audio,RV2,1,3224W-1-xxx,500Ω,SMD,,Bourns,,https://www.bourns.com/docs/Product-Datasheets/3224.pdf,block-4,R unity-gain trim
audio,R7,1,,15kΩ,0603,,,,,block-4,R_gain L (V→I at THAT2180 GAIN pin; nominal)
audio,R8,1,,15kΩ,0603,,,,,block-4,R_gain R
audio,R9,1,,100Ω,0603,,,,,block-4,VCA CV input series protection
audio,D3,1,BAT54S,,SOT-23,,Diodes Inc.,,https://www.diodes.com/assets/Datasheets/ds11005.pdf,block-4,VCA CV input clamp ±12V
audio,C7,1,,100nF,0603,,,,,block-4,U4 +12V decoupling
audio,C8,1,,100nF,0603,,,,,block-4,U4 -12V decoupling
audio,C9,1,,100nF,0603,,,,,block-4,U5 +12V decoupling
audio,C10,1,,100nF,0603,,,,,block-4,U5 -12V decoupling
audio,R_OUT_N_L,1,,10kΩ,0603,,,,,block-4,U4 OUT− termination to AGND (single-ended operation; L channel)
audio,R_OUT_N_R,1,,10kΩ,0603,,,,,block-4,U5 OUT− termination to AGND (single-ended operation; R channel)
audio,U7,1,LM13700M,,SOIC-16,POGO_Package_SO:SOIC-16_3.9x9.9mm_P1.27mm,Texas Instruments,,https://www.ti.com/lit/ds/symlink/lm13700.pdf,block-5,LP1 OTA integrators L
audio,U8,1,LM13700M,,SOIC-16,POGO_Package_SO:SOIC-16_3.9x9.9mm_P1.27mm,Texas Instruments,,https://www.ti.com/lit/ds/symlink/lm13700.pdf,block-5,LP1 OTA integrators R
audio,U9,1,LM13700M,,SOIC-16,POGO_Package_SO:SOIC-16_3.9x9.9mm_P1.27mm,Texas Instruments,,https://www.ti.com/lit/ds/symlink/lm13700.pdf,block-5,"LP1+LP2 Q VCA L (cell A=LP1, cell B=LP2)"
audio,U10,1,LM13700M,,SOIC-16,POGO_Package_SO:SOIC-16_3.9x9.9mm_P1.27mm,Texas Instruments,,https://www.ti.com/lit/ds/symlink/lm13700.pdf,block-5,"LP1+LP2 Q VCA R (cell A=LP1, cell B=LP2)"
audio,U11,1,OPA1612AID,,SOIC-8,POGO_Package_SO:SOIC-8_3.9x4.9mm_P1.27mm,Texas Instruments,,https://www.ti.com/lit/ds/symlink/opa1612.pdf,block-5,LP1 SUM_AMP + output buffer L
audio,U12,1,OPA1612AID,,SOIC-8,POGO_Package_SO:SOIC-8_3.9x4.9mm_P1.27mm,Texas Instruments,,https://www.ti.com/lit/ds/symlink/opa1612.pdf,block-5,LP1 SUM_AMP + output buffer R
audio,U13,1,TL072CDT,,SOIC-8,POGO_Package_SO:SOIC-8_3.9x4.9mm_P1.27mm,Texas Instruments,,https://www.ti.com/lit/ds/symlink/tl072.pdf,block-5,LP1 tilt inverter (−V_tilt for R)
audio,U14,1,THAT340S14-U,,SOIC-14,POGO_Package_SO:SOIC-14_3.9x8.7mm_P1.27mm,THAT Corporation,,https://thatcorp.com/datashts/THAT_300-Series_Datasheet.pdf,block-5,LP1 expo converter matched NPN (L+R shared)
audio,C11,1,,47nF,0603,,,,,block-5,LP1 integrator C1 L (C0G/NP0)
audio,C12,1,,47nF,0603,,,,,block-5,LP1 integrator C2 L (C0G/NP0)
audio,C13,1,,47nF,0603,,,,,block-5,LP1 integrator C1 R (C0G/NP0)
audio,C14,1,,47nF,0603,,,,,block-5,LP1 integrator C2 R (C0G/NP0)
audio,R10,1,,100kΩ,0603,,,,,block-5,LP1 SUM_AMP R_in L
audio,R11,1,,100kΩ,0603,,,,,block-5,LP1 SUM_AMP R_in R
audio,R_TILT_INV_IN,1,,100kΩ,0603,,,,,block-5,LP1 tilt inverter input R (U13 half A; 1% for tilt center null depth)
audio,R_TILT_INV_FB,1,,100kΩ,0603,,,,,block-5,LP1 tilt inverter feedback R (matched pair; G=−1 gives −V_tilt for R channel)
audio,RV3,1,3224W-1-xxx,500kΩ,SMD,,Bourns,,https://www.bourns.com/docs/Product-Datasheets/3224.pdf,block-5,LP1 f_ref trim rheostat; in series with R_IREF_A 1MΩ; ±25% range
audio,RV4,1,3224W-1-xxx,20kΩ,SMD,,Bourns,,https://www.bourns.com/docs/Product-Datasheets/3224.pdf,block-5,LP1 1V/oct tracking trim; ±10% range
audio,RV5,1,,,SMD,,,,,block-5,LP1 Q_max trim (IRES_AMP V_bias)
audio,RV6,1,,,SMD,,,,,block-5,LP1 tilt null trim
audio,U15,1,LM13700M,,SOIC-16,POGO_Package_SO:SOIC-16_3.9x9.9mm_P1.27mm,Texas Instruments,,https://www.ti.com/lit/ds/symlink/lm13700.pdf,block-6,BP1 OTA integrators + Q L
audio,U16,1,LM13700M,,SOIC-16,POGO_Package_SO:SOIC-16_3.9x9.9mm_P1.27mm,Texas Instruments,,https://www.ti.com/lit/ds/symlink/lm13700.pdf,block-6,BP1 OTA integrators + Q R
audio,U17,1,LM13700M,,SOIC-16,POGO_Package_SO:SOIC-16_3.9x9.9mm_P1.27mm,Texas Instruments,,https://www.ti.com/lit/ds/symlink/lm13700.pdf,block-6,BP2 OTA integrators + Q L
audio,U18,1,LM13700M,,SOIC-16,POGO_Package_SO:SOIC-16_3.9x9.9mm_P1.27mm,Texas Instruments,,https://www.ti.com/lit/ds/symlink/lm13700.pdf,block-6,BP2 OTA integrators + Q R
audio,U19,1,LM13700M,,SOIC-16,POGO_Package_SO:SOIC-16_3.9x9.9mm_P1.27mm,Texas Instruments,,https://www.ti.com/lit/ds/symlink/lm13700.pdf,block-6,BP3 OTA integrators + Q L
audio,U20,1,LM13700M,,SOIC-16,POGO_Package_SO:SOIC-16_3.9x9.9mm_P1.27mm,Texas Instruments,,https://www.ti.com/lit/ds/symlink/lm13700.pdf,block-6,BP3 OTA integrators + Q R
audio,U21,1,OPA1612AID,,SOIC-8,POGO_Package_SO:SOIC-8_3.9x4.9mm_P1.27mm,Texas Instruments,,https://www.ti.com/lit/ds/symlink/opa1612.pdf,block-6,BP1 SUM_AMP + buffer L
audio,U22,1,OPA1612AID,,SOIC-8,POGO_Package_SO:SOIC-8_3.9x4.9mm_P1.27mm,Texas Instruments,,https://www.ti.com/lit/ds/symlink/opa1612.pdf,block-6,BP1 SUM_AMP + buffer R
audio,U23,1,OPA1612AID,,SOIC-8,POGO_Package_SO:SOIC-8_3.9x4.9mm_P1.27mm,Texas Instruments,,https://www.ti.com/lit/ds/symlink/opa1612.pdf,block-6,BP2 SUM_AMP + buffer L
audio,U24,1,OPA1612AID,,SOIC-8,POGO_Package_SO:SOIC-8_3.9x4.9mm_P1.27mm,Texas Instruments,,https://www.ti.com/lit/ds/symlink/opa1612.pdf,block-6,BP2 SUM_AMP + buffer R
audio,U25,1,OPA1612AID,,SOIC-8,POGO_Package_SO:SOIC-8_3.9x4.9mm_P1.27mm,Texas Instruments,,https://www.ti.com/lit/ds/symlink/opa1612.pdf,block-6,BP3 SUM_AMP + buffer L
audio,U26,1,OPA1612AID,,SOIC-8,POGO_Package_SO:SOIC-8_3.9x4.9mm_P1.27mm,Texas Instruments,,https://www.ti.com/lit/ds/symlink/opa1612.pdf,block-6,BP3 SUM_AMP + buffer R
audio,U27,1,TL072CDT,,SOIC-8,POGO_Package_SO:SOIC-8_3.9x4.9mm_P1.27mm,Texas Instruments,,https://www.ti.com/lit/ds/symlink/tl072.pdf,block-6,BP tilt inverter half A (−V_tilt for R); BP_POL G=−1 inverter half B
audio,U28,1,THAT340S14-U,,SOIC-14,POGO_Package_SO:SOIC-14_3.9x8.7mm_P1.27mm,THAT Corporation,,https://thatcorp.com/datashts/THAT_300-Series_Datasheet.pdf,block-6,BP1 expo converter
audio,U29,1,THAT340S14-U,,SOIC-14,POGO_Package_SO:SOIC-14_3.9x8.7mm_P1.27mm,THAT Corporation,,https://thatcorp.com/datashts/THAT_300-Series_Datasheet.pdf,block-6,BP2 expo converter
audio,U30,1,THAT340S14-U,,SOIC-14,POGO_Package_SO:SOIC-14_3.9x8.7mm_P1.27mm,THAT Corporation,,https://thatcorp.com/datashts/THAT_300-Series_Datasheet.pdf,block-6,BP3 expo converter
audio,U31,1,CD4053BM,,SOIC-16,POGO_Package_SO:SOIC-16_3.9x9.9mm_P1.27mm,Texas Instruments,,https://www.ti.com/lit/ds/symlink/cd4053b.pdf,block-6,BP1 distortion mux (SC/HC/WF select)
audio,U32,1,CD4053BM,,SOIC-16,POGO_Package_SO:SOIC-16_3.9x9.9mm_P1.27mm,Texas Instruments,,https://www.ti.com/lit/ds/symlink/cd4053b.pdf,block-6,BP2 distortion mux
audio,U33,1,CD4053BM,,SOIC-16,POGO_Package_SO:SOIC-16_3.9x9.9mm_P1.27mm,Texas Instruments,,https://www.ti.com/lit/ds/symlink/cd4053b.pdf,block-6,BP3 distortion mux
audio,U34,1,TL072CDT,,SOIC-8,POGO_Package_SO:SOIC-8_3.9x4.9mm_P1.27mm,Texas Instruments,,https://www.ti.com/lit/ds/symlink/tl072.pdf,block-6,SC gain amp BP1_L (half A = SC amp; half B = HC amp)
audio,U35,1,TL072CDT,,SOIC-8,POGO_Package_SO:SOIC-8_3.9x4.9mm_P1.27mm,Texas Instruments,,https://www.ti.com/lit/ds/symlink/tl072.pdf,block-6,SC gain amp BP1_R (half A = SC amp; half B = HC amp)
audio,U36,1,TL072CDT,,SOIC-8,POGO_Package_SO:SOIC-8_3.9x4.9mm_P1.27mm,Texas Instruments,,https://www.ti.com/lit/ds/symlink/tl072.pdf,block-6,SC gain amp BP2_L (half A = SC amp; half B = HC amp)
audio,U37,1,TL072CDT,,SOIC-8,POGO_Package_SO:SOIC-8_3.9x4.9mm_P1.27mm,Texas Instruments,,https://www.ti.com/lit/ds/symlink/tl072.pdf,block-6,SC gain amp BP2_R (half A = SC amp; half B = HC amp)
audio,U38,1,TL072CDT,,SOIC-8,POGO_Package_SO:SOIC-8_3.9x4.9mm_P1.27mm,Texas Instruments,,https://www.ti.com/lit/ds/symlink/tl072.pdf,block-6,SC gain amp BP3_L (half A = SC amp; half B = HC amp)
audio,U39,1,TL072CDT,,SOIC-8,POGO_Package_SO:SOIC-8_3.9x4.9mm_P1.27mm,Texas Instruments,,https://www.ti.com/lit/ds/symlink/tl072.pdf,block-6,SC gain amp BP3_R (half A = SC amp; half B = HC amp)
audio,U40,1,TL072CDT,,SOIC-8,POGO_Package_SO:SOIC-8_3.9x4.9mm_P1.27mm,Texas Instruments,,https://www.ti.com/lit/ds/symlink/tl072.pdf,block-6,WF amps BP1_L (half A = pre-gain; half B = symmetric folder G=+2)
audio,U41,1,TL072CDT,,SOIC-8,POGO_Package_SO:SOIC-8_3.9x4.9mm_P1.27mm,Texas Instruments,,https://www.ti.com/lit/ds/symlink/tl072.pdf,block-6,WF amps BP1_R (half A = pre-gain; half B = symmetric folder G=+2)
audio,U42,1,TL072CDT,,SOIC-8,POGO_Package_SO:SOIC-8_3.9x4.9mm_P1.27mm,Texas Instruments,,https://www.ti.com/lit/ds/symlink/tl072.pdf,block-6,WF amps BP2_L (half A = pre-gain; half B = symmetric folder G=+2)
audio,U43,1,TL072CDT,,SOIC-8,POGO_Package_SO:SOIC-8_3.9x4.9mm_P1.27mm,Texas Instruments,,https://www.ti.com/lit/ds/symlink/tl072.pdf,block-6,WF amps BP2_R (half A = pre-gain; half B = symmetric folder G=+2)
audio,U44,1,TL072CDT,,SOIC-8,POGO_Package_SO:SOIC-8_3.9x4.9mm_P1.27mm,Texas Instruments,,https://www.ti.com/lit/ds/symlink/tl072.pdf,block-6,WF amps BP3_L (half A = pre-gain; half B = symmetric folder G=+2)
audio,U45,1,TL072CDT,,SOIC-8,POGO_Package_SO:SOIC-8_3.9x4.9mm_P1.27mm,Texas Instruments,,https://www.ti.com/lit/ds/symlink/tl072.pdf,block-6,WF amps BP3_R (half A = pre-gain; half B = symmetric folder G=+2)
audio,U46,1,TL072CDT,,SOIC-8,POGO_Package_SO:SOIC-8_3.9x4.9mm_P1.27mm,Texas Instruments,,https://www.ti.com/lit/ds/symlink/tl072.pdf,block-6,BP wet summer half A = L (BP1+BP2+BP3 inv sum); half B = MIX crossfade L
audio,U47,1,TL072CDT,,SOIC-8,POGO_Package_SO:SOIC-8_3.9x4.9mm_P1.27mm,Texas Instruments,,https://www.ti.com/lit/ds/symlink/tl072.pdf,block-6,BP wet summer half A = R; half B = MIX crossfade R
audio,U48,1,TL072CDT,,SOIC-8,POGO_Package_SO:SOIC-8_3.9x4.9mm_P1.27mm,Texas Instruments,,https://www.ti.com/lit/ds/symlink/tl072.pdf,block-6,BP wet polarity restore: half A = V_wet_inv→V_wet_pos (L); half B = V_wet_inv→V_wet_pos (R)
audio,RV7,1,3224W-1-xxx,500kΩ,SMD,,Bourns,,https://www.bourns.com/docs/Product-Datasheets/3224.pdf,block-6,BP1 f_ref trim rheostat; in series with R_IREF_A 1MΩ; target 200 Hz at 0V; ±25% range
audio,RV8,1,3224W-1-xxx,20kΩ,SMD,,Bourns,,https://www.bourns.com/docs/Product-Datasheets/3224.pdf,block-6,BP1 1V/oct tracking trim; ±10% range
audio,RV9,1,,,SMD,,,,,block-6,BP1 Q_max trim (Iabc V_bias)
audio,RV10,1,3224W-1-xxx,500kΩ,SMD,,Bourns,,https://www.bourns.com/docs/Product-Datasheets/3224.pdf,block-6,BP2 f_ref trim rheostat; in series with R_IREF_A 1MΩ; target 1500 Hz at 0V; ±25% range
audio,RV11,1,3224W-1-xxx,20kΩ,SMD,,Bourns,,https://www.bourns.com/docs/Product-Datasheets/3224.pdf,block-6,BP2 1V/oct tracking trim; ±10% range
audio,RV12,1,,,SMD,,,,,block-6,BP2 Q_max trim
audio,RV13,1,3224W-1-xxx,500kΩ,SMD,,Bourns,,https://www.bourns.com/docs/Product-Datasheets/3224.pdf,block-6,BP3 f_ref trim rheostat; in series with R_IREF_A 1MΩ; target 6000 Hz at 0V; ±25% range
audio,RV14,1,3224W-1-xxx,20kΩ,SMD,,Bourns,,https://www.bourns.com/docs/Product-Datasheets/3224.pdf,block-6,BP3 1V/oct tracking trim; ±10% range
audio,RV15,1,,,SMD,,,,,block-6,BP3 Q_max trim
audio,D4,24,1N4148W,,SOD-123,,Diodes Inc.,,https://www.diodes.com/assets/Datasheets/ds30086.pdf,block-6,SC soft-clip diodes; 4 per path (2 antiparallel pairs) × 6 paths
audio,D5,12,BZX84C5V1,,SOT-23,,Nexperia,,https://assets.nexperia.com/documents/data-sheet/BZX84_SER.pdf,block-6,HC back-to-back zener clamps (±5.8V clip); 2 per path × 6 paths
audio,D6,48,1N4148W,,SOD-123,,Diodes Inc.,,https://www.diodes.com/assets/Datasheets/ds30086.pdf,block-6,"WF passive clamp diodes; 4 per path (2 per polarity, Vth=±1.4V) × 6 paths; true symmetric fold"
audio,D7,1,BZX84C5V1,,SOT-23,,Nexperia,,https://assets.nexperia.com/documents/data-sheet/BZX84_SER.pdf,block-6,CD4053 logic supply 5.1V zener shunt (from +12V with R_5V_logic)
audio,C15,4,,150nF,0805,,,,,block-6,BP1 integrator caps (C0G; 2 per channel × L+R)
audio,C19,4,,22nF,0603,,,,,block-6,BP2 integrator caps (C0G; 2 per channel × L+R)
audio,C23,4,,4.7nF,0603,,,,,block-6,BP3 integrator caps (C0G; 2 per channel × L+R)
audio,C27,1,,10µF,0603,,,,,block-6,CD4053 logic supply bulk bypass (electrolytic or ceramic)
audio,C28,1,,100nF,0603,,,,,block-6,CD4053 logic supply HF bypass
audio,R12,12,,1kΩ,0603,,,,,block-6,OTA linearizing R; 1 per OTA cell × 2 cells × 6 LM13700 ICs (U15–U20)
audio,R13,6,,100kΩ,0603,,,,,block-6,SVF SUM_AMP R_in; 1 per group per channel (U21–U26 half A)
audio,R14,6,,100kΩ,0603,,,,,block-6,SVF SUM_AMP R_fb; 1 per group per channel
audio,R15,6,,100kΩ,0603,,,,,block-6,SVF SUM_AMP R_Q input; 1 per group per channel
audio,R16,2,,100kΩ,0603,,,,,block-6,BP tilt inverter R_in + R_fb in U27 half A
audio,R17,2,,100kΩ,0603,,,,,block-6,BP_POL inverter R_in + R_fb in U27 half B
audio,R18,6,,10kΩ,0603,,,,,block-6,R_SC_in; SC path input R; 1 per path × 6 paths
audio,R19,6,,10kΩ,0603,,,,,block-6,R_SC_fb_fixed; SC minimum feedback R (G≥1× at zero drive)
audio,R20,6,,10kΩ,0603,,,,,block-6,R_HC_in; HC path input R; 1 per path × 6 paths
audio,R21,6,,10kΩ,0603,,,,,block-6,R_HC_fb_fixed; HC minimum feedback R
audio,R22,6,,10kΩ,0603,,,,,block-6,R_WF_in; WF pre-gain input R; 1 per path × 6 paths
audio,R23,6,,10kΩ,0603,,,,,block-6,R_WF_fb_fixed; WF pre-gain minimum feedback R
audio,R24,6,,10kΩ,0603,,,,,block-6,R_clamp; WF passive clamp series R (limits diode current at threshold)
audio,R25,6,,10kΩ,0603,,,,,block-6,R_g; WF folder (−) input R (was R_fold 10kΩ; value unchanged)
audio,R_f_wf,6,,10kΩ,0603,,,,,block-6,R_f; WF folder feedback R; R_g=R_f → gain +2 at (+) input
audio,C_WF,12,,47pF,0603,,,,,block-6,"RV_DRIVE wiper bypass cap (anti-RF, anti-scratchiness); 1 per path × 6 paths"
audio,R26,8,,33kΩ,0603,,,,,block-6,R_sum; BP wet summer input R; 3 inputs + 1 fb per channel × 2 ch (U46/U47 half A)
audio,R27,2,,100kΩ,0603,,,,,block-6,R_dry; MIX dry path input R (L and R; in U46/U47 half B)
audio,R28,2,,100kΩ,0603,,,,,block-6,R_mix_f; MIX crossfade feedback R (L and R)
audio,R29,1,,1kΩ,0603,,,,,block-6,R_5V_logic; series R from +12V to D7 zener shunt (5.1V logic rail for CD4053)
audio,U49,1,LM13700M,,SOIC-16,POGO_Package_SO:SOIC-16_3.9x9.9mm_P1.27mm,Texas Instruments,,https://www.ti.com/lit/ds/symlink/lm13700.pdf,block-7,HP OTA integrators L
audio,U50,1,LM13700M,,SOIC-16,POGO_Package_SO:SOIC-16_3.9x9.9mm_P1.27mm,Texas Instruments,,https://www.ti.com/lit/ds/symlink/lm13700.pdf,block-7,HP OTA integrators R
audio,U51,1,LM13700M,,SOIC-16,POGO_Package_SO:SOIC-16_3.9x9.9mm_P1.27mm,Texas Instruments,,https://www.ti.com/lit/ds/symlink/lm13700.pdf,block-7,HP Q VCA L (cell A; cell B spare)
audio,U52,1,LM13700M,,SOIC-16,POGO_Package_SO:SOIC-16_3.9x9.9mm_P1.27mm,Texas Instruments,,https://www.ti.com/lit/ds/symlink/lm13700.pdf,block-7,HP Q VCA R (cell A; cell B spare)
audio,U53,1,OPA1612AID,,SOIC-8,POGO_Package_SO:SOIC-8_3.9x4.9mm_P1.27mm,Texas Instruments,,https://www.ti.com/lit/ds/symlink/opa1612.pdf,block-7,HP SUM_AMP + inverting output buffer L
audio,U54,1,OPA1612AID,,SOIC-8,POGO_Package_SO:SOIC-8_3.9x4.9mm_P1.27mm,Texas Instruments,,https://www.ti.com/lit/ds/symlink/opa1612.pdf,block-7,HP SUM_AMP + inverting output buffer R
audio,U55,1,THAT340S14-U,,SOIC-14,POGO_Package_SO:SOIC-14_3.9x8.7mm_P1.27mm,THAT Corporation,,https://thatcorp.com/datashts/THAT_300-Series_Datasheet.pdf,block-7,HP expo converter (L+R shared)
audio,C29,4,,47nF,0603,,,,,block-7,HP integrator caps (C0G; C1L/C2L/C1R/C2R)
audio,R30,1,,100kΩ,0603,,,,,block-7,HP SUM_AMP R_in L
audio,R31,1,,100kΩ,0603,,,,,block-7,HP SUM_AMP R_in R
audio,RV16,1,3224W-1-xxx,500kΩ,SMD,,Bourns,,https://www.bourns.com/docs/Product-Datasheets/3224.pdf,block-7,HP f_ref trim rheostat; in series with R_IREF_A 1MΩ; ±25% range
audio,RV17,1,3224W-1-xxx,20kΩ,SMD,,Bourns,,https://www.bourns.com/docs/Product-Datasheets/3224.pdf,block-7,HP 1V/oct tracking trim; ±10% range
audio,RV18,1,,,SMD,,,,,block-7,HP Q_max trim
audio,R_QB_IABC_L,1,,100kΩ,0603,,,,,block-7,U51 cell B Iabc termination resistor to GND (prevents floating)
audio,R_QB_IABC_R,1,,100kΩ,0603,,,,,block-7,U52 cell B Iabc termination resistor to GND
audio,R_QB_OUT_L,1,,1kΩ,0603,,,,,block-7,U51 cell B OTA output termination resistor to GND
audio,R_QB_OUT_R,1,,1kΩ,0603,,,,,block-7,U52 cell B OTA output termination resistor to GND
audio,U56,1,LM13700M,,SOIC-16,POGO_Package_SO:SOIC-16_3.9x9.9mm_P1.27mm,Texas Instruments,,https://www.ti.com/lit/ds/symlink/lm13700.pdf,block-8,LP2 OTA integrators L
audio,U57,1,LM13700M,,SOIC-16,POGO_Package_SO:SOIC-16_3.9x9.9mm_P1.27mm,Texas Instruments,,https://www.ti.com/lit/ds/symlink/lm13700.pdf,block-8,LP2 OTA integrators R
audio,U58,1,OPA1612AID,,SOIC-8,POGO_Package_SO:SOIC-8_3.9x4.9mm_P1.27mm,Texas Instruments,,https://www.ti.com/lit/ds/symlink/opa1612.pdf,block-8,LP2 SUM_AMP + output buffer L
audio,U59,1,OPA1612AID,,SOIC-8,POGO_Package_SO:SOIC-8_3.9x4.9mm_P1.27mm,Texas Instruments,,https://www.ti.com/lit/ds/symlink/opa1612.pdf,block-8,LP2 SUM_AMP + output buffer R
audio,U60,1,THAT340S14-U,,SOIC-14,POGO_Package_SO:SOIC-14_3.9x8.7mm_P1.27mm,THAT Corporation,,https://thatcorp.com/datashts/THAT_300-Series_Datasheet.pdf,block-8,LP2 expo converter (L+R shared; independent from LP1)
audio,C33,4,,47nF,0603,,,,,block-8,LP2 integrator caps (C0G; 4 total)
audio,R32,1,,100kΩ,0603,,,,,block-8,LP2 SUM_AMP R_in L
audio,R33,1,,100kΩ,0603,,,,,block-8,LP2 SUM_AMP R_in R
audio,RV19,1,3224W-1-xxx,500kΩ,SMD,,Bourns,,https://www.bourns.com/docs/Product-Datasheets/3224.pdf,block-8,LP2 f_ref trim rheostat; in series with R_IREF_A 1MΩ; ±25% range
audio,RV20,1,3224W-1-xxx,20kΩ,SMD,,Bourns,,https://www.bourns.com/docs/Product-Datasheets/3224.pdf,block-8,LP2 1V/oct tracking trim; ±10% range
audio,RV21,1,,,SMD,,,,,block-8,LP2 Q_max trim
audio,U61,1,TL072CDT,,SOIC-8,POGO_Package_SO:SOIC-8_3.9x4.9mm_P1.27mm,Texas Instruments,,https://www.ti.com/lit/ds/symlink/tl072.pdf,block-B,MAIN_L + MAIN_R output buffers
audio,U62,1,TL072CDT,,SOIC-8,POGO_Package_SO:SOIC-8_3.9x4.9mm_P1.27mm,Texas Instruments,,https://www.ti.com/lit/ds/symlink/tl072.pdf,block-B,BP3_L + BP3_R output buffers
audio,R34,1,,1kΩ,0603,,,,,block-B,MAIN_L output protection
audio,R35,1,,1kΩ,0603,,,,,block-B,MAIN_R output protection
audio,R36,1,,1kΩ,0603,,,,,block-B,BP3_L output protection
audio,R37,1,,1kΩ,0603,,,,,block-B,BP3_R output protection
utility,U1,1,TL072CDT,,SOIC-8,POGO_Package_SO:SOIC-8_3.9x4.9mm_P1.27mm,Texas Instruments,,https://www.ti.com/lit/ds/symlink/tl072.pdf,block-2,LFO1 integrator (half A) + Schmitt trigger (half B)
utility,U2,1,TL072CDT,,SOIC-8,POGO_Package_SO:SOIC-8_3.9x4.9mm_P1.27mm,Texas Instruments,,https://www.ti.com/lit/ds/symlink/tl072.pdf,block-2,LFO2 integrator (half A) + Schmitt trigger (half B)
utility,C1,1,,47nF,0603,,,,,block-2,C_INT1: LFO1 integrator timing cap (C0G mandatory)
utility,C2,1,,47nF,0603,,,,,block-2,C_INT2: LFO2 integrator timing cap (C0G mandatory)
utility,C3,2,,100nF,0603,,,,,block-2,C_BYPASS_LFO1: U1 +12V and −12V supply bypass (X7R)
utility,C5,2,,100nF,0603,,,,,block-2,C_BYPASS_LFO2: U2 +12V and −12V supply bypass (X7R)
utility,R1,1,,270kΩ,0603,,,,,block-2,R_CW_END1: LFO1 CW end resistor; limits f_max ≈ 43 Hz
utility,R2,1,,270kΩ,0603,,,,,block-2,R_CW_END2: LFO2 CW end resistor
utility,R3,2,,100MΩ,0603,,,,,block-2,R_CCW_END1: LFO1 CCW end (2× in series = 200 MΩ); limits f_min ≈ 0.058 Hz
utility,R4,2,,100MΩ,0603,,,,,block-2,R_CCW_END2: LFO2 CCW end (2× in series = 200 MΩ)
utility,R5,1,,100kΩ,0603,,,,,block-2,R_FB_SQ1: LFO1 Schmitt feedback R (comparator output → (+) input)
utility,R6,1,,100kΩ,0603,,,,,block-2,R_FB_SQ2: LFO2 Schmitt feedback R
utility,R7,1,,82kΩ,0603,,,,,block-2,R_HYS1: LFO1 Schmitt lower R ((+) input → GND); sets V_H = 5V
utility,R8,1,,82kΩ,0603,,,,,block-2,R_HYS2: LFO2 Schmitt lower R
utility,R9,1,,1.2kΩ,0603,,,,,block-2,R_LED1: LFO1 LED current limit (≈2 mA at V_tri = +5V)
utility,R10,1,,1.2kΩ,0603,,,,,block-2,R_LED2: LFO2 LED current limit
utility,R11,1,,1kΩ,0603,,,,,block-2,R_OUT1: LFO1 output series protection to jack
utility,R12,1,,1kΩ,0603,,,,,block-2,R_OUT2: LFO2 output series protection to jack
utility,D1,1,1N4148W,,SOD-123,,Diodes Inc.,,https://www.diodes.com/assets/Datasheets/ds30086.pdf,block-2,D_LED1: LFO1 LED half-wave rectifier (positive half-cycle pulsing)
utility,D2,1,1N4148W,,SOD-123,,Diodes Inc.,,https://www.diodes.com/assets/Datasheets/ds30086.pdf,block-2,D_LED2: LFO2 LED half-wave rectifier
utility,U3,1,TL074CDT,,SOIC-14,POGO_Package_SO:SOIC-14_3.9x8.7mm_P1.27mm,Texas Instruments,,https://www.ti.com/lit/ds/symlink/tl074.pdf,block-3,MB_PROC_A: MB summer (half A) + MB inverter (half B); 2 sections spare
utility,U4,1,TL074CDT,,SOIC-14,POGO_Package_SO:SOIC-14_3.9x8.7mm_P1.27mm,Texas Instruments,,https://www.ti.com/lit/ds/symlink/tl074.pdf,block-3,MB_PROC_B: MOD_POS LED driver (half A) + MOD_NEG LED driver (half B) + MOD_CLIP (half C); 1 section spare
utility,U5,1,TL074CDT,,SOIC-14,POGO_Package_SO:SOIC-14_3.9x8.7mm_P1.27mm,Texas Instruments,,https://www.ti.com/lit/ds/symlink/tl074.pdf,block-3,MB_INV_1: −V_src inverters for destinations 1–4
utility,U6,1,TL074CDT,,SOIC-14,POGO_Package_SO:SOIC-14_3.9x8.7mm_P1.27mm,Texas Instruments,,https://www.ti.com/lit/ds/symlink/tl074.pdf,block-3,MB_INV_2: −V_src inverters for destinations 5–8
utility,U7,1,TL074CDT,,SOIC-14,POGO_Package_SO:SOIC-14_3.9x8.7mm_P1.27mm,Texas Instruments,,https://www.ti.com/lit/ds/symlink/tl074.pdf,block-3,MB_INV_3: −V_src inverters for destinations 9–12
utility,U8,1,TL074CDT,,SOIC-14,POGO_Package_SO:SOIC-14_3.9x8.7mm_P1.27mm,Texas Instruments,,https://www.ti.com/lit/ds/symlink/tl074.pdf,block-3,MB_INV_4: −V_src inverters for destinations 13–16
utility,U9,1,TL074CDT,,SOIC-14,POGO_Package_SO:SOIC-14_3.9x8.7mm_P1.27mm,Texas Instruments,,https://www.ti.com/lit/ds/symlink/tl074.pdf,block-3,MB_INV_5: −V_src inverters for destinations 17–19 (1 section spare)
utility,R13,1,,100kΩ,0603,,,,,block-3,"R_MB_F: feedback R, MB summer stage"
utility,R14,1,,22kΩ,0603,,,,,block-3,R_MB_SRC: floor input R for V_src; with 470kΩ SCALE pot → G range 0.20×–4.55×
utility,R15,1,,100kΩ,0603,,,,,block-3,R_MB_OFF: offset pot input R
utility,R16,2,,100kΩ,0603,,,,,block-3,R_MB_INV: equal R_in + R_fb for polarity inverter stage
utility,R18,19,,100kΩ,0603,,,,,block-3,R_SRC_NORM: bus normalling R per destination jack (19 destinations)
utility,R37,19,,100Ω,0603,,,,,block-3,R_CLAMP: series CV protection per destination
utility,D3,19,BAT54S,,SOT-23,,Diodes Inc.,,https://www.diodes.com/assets/Datasheets/ds11005.pdf,block-3,D_CLAMP: dual Schottky clamp per destination CV input (19 total)
utility,R56,1,,1kΩ,0603,,,,,block-3,"R_LED_POS: current limit, MOD_POS LED"
utility,R57,1,,1kΩ,0603,,,,,block-3,"R_LED_NEG: current limit, MOD_NEG LED"
utility,R58,1,,1kΩ,0603,,,,,block-3,"R_LED_CLIP: current limit, MOD_CLIP LED"
utility,R59,1,,9.9kΩ,0603,,,,,block-3,R_CLIP_DIV_H: upper leg of MOD_CLIP 9.9V threshold divider
utility,R60,1,,100Ω,0603,,,,,block-3,R_CLIP_DIV_L: lower leg of MOD_CLIP threshold divider
utility,C7,14,,100nF,0603,,,,,block-3,C_BYPASS_MB: supply bypass; one per op-amp supply pin (7 ICs × 2 rails)
control,SW1,1,DW3 (2M DPDT ON-ON),,sub-mini toggle 2M,POGO_Button_Switch_THT:SW_Dailywell_DW3_DPDT,Dailywell,Thonk,https://www.thonk.co.uk/shop/sub-mini-toggle-switches/,block-1,GAIN_MAIN 1×/5×
control,SW2,1,DW3 (2M DPDT ON-ON),,sub-mini toggle 2M,POGO_Button_Switch_THT:SW_Dailywell_DW3_DPDT,Dailywell,Thonk,https://www.thonk.co.uk/shop/sub-mini-toggle-switches/,block-1,GAIN_BP3 1×/5×
control,RV1,1,3296W-1-xxx,1MΩ,through-hole,POGO_Potentiometer_THT:Potentiometer_Bourns_3296W_Vertical,Bourns,,https://www.bourns.com/docs/Product-Datasheets/3296.pdf,block-2,LFO1_RATE trimpot (preset; 0.05–20 Hz range)
control,RV2,1,3296W-1-xxx,1MΩ,through-hole,POGO_Potentiometer_THT:Potentiometer_Bourns_3296W_Vertical,Bourns,,https://www.bourns.com/docs/Product-Datasheets/3296.pdf,block-2,LFO2_RATE trimpot (preset; 0.05–20 Hz range)
control,RV3,1,RD901F-40-00D,470kΩ,9mm,POGO_Potentiometer_THT:Potentiometer_Alpha_RD901F-40-00D_Single_Vertical_CircularHoles,Alpha (Taiwan),Thonk,https://www.thonk.co.uk/shop/alpha-9mm-pots/,block-3,MOD_SCALE (0.2×–5×; log taper; in series with 22kΩ R_MB_SRC on utility board)
control,RV4,1,RD901F-40-00D,,9mm,POGO_Potentiometer_THT:Potentiometer_Alpha_RD901F-40-00D_Single_Vertical_CircularHoles,Alpha (Taiwan),Thonk,https://www.thonk.co.uk/shop/alpha-9mm-pots/,block-3,MOD_OFFSET (±5V)
control,RV5,1,RD901F-40-00D,,9mm,POGO_Potentiometer_THT:Potentiometer_Alpha_RD901F-40-00D_Single_Vertical_CircularHoles,Alpha (Taiwan),Thonk,https://www.thonk.co.uk/shop/alpha-9mm-pots/,block-3,VCA_AMT dest attenuverter
control,RV6,1,RD901F-40-00D,,9mm,POGO_Potentiometer_THT:Potentiometer_Alpha_RD901F-40-00D_Single_Vertical_CircularHoles,Alpha (Taiwan),Thonk,https://www.thonk.co.uk/shop/alpha-9mm-pots/,block-3,LP1_FREQ_ATT
control,RV7,1,RD901F-40-00D,,9mm,POGO_Potentiometer_THT:Potentiometer_Alpha_RD901F-40-00D_Single_Vertical_CircularHoles,Alpha (Taiwan),Thonk,https://www.thonk.co.uk/shop/alpha-9mm-pots/,block-3,LP1_TILT_ATT
control,RV8,1,RD901F-40-00D,,9mm,POGO_Potentiometer_THT:Potentiometer_Alpha_RD901F-40-00D_Single_Vertical_CircularHoles,Alpha (Taiwan),Thonk,https://www.thonk.co.uk/shop/alpha-9mm-pots/,block-3,LP1_RES_ATT
control,RV9,1,RD901F-40-00D,,9mm,POGO_Potentiometer_THT:Potentiometer_Alpha_RD901F-40-00D_Single_Vertical_CircularHoles,Alpha (Taiwan),Thonk,https://www.thonk.co.uk/shop/alpha-9mm-pots/,block-3,BP_FREQ_ATT
control,RV10,1,RD901F-40-00D,,9mm,POGO_Potentiometer_THT:Potentiometer_Alpha_RD901F-40-00D_Single_Vertical_CircularHoles,Alpha (Taiwan),Thonk,https://www.thonk.co.uk/shop/alpha-9mm-pots/,block-3,BP_TILT_ATT
control,RV11,1,RD901F-40-00D,,9mm,POGO_Potentiometer_THT:Potentiometer_Alpha_RD901F-40-00D_Single_Vertical_CircularHoles,Alpha (Taiwan),Thonk,https://www.thonk.co.uk/shop/alpha-9mm-pots/,block-3,BP1_FREQ_ATT
control,RV12,1,RD901F-40-00D,,9mm,POGO_Potentiometer_THT:Potentiometer_Alpha_RD901F-40-00D_Single_Vertical_CircularHoles,Alpha (Taiwan),Thonk,https://www.thonk.co.uk/shop/alpha-9mm-pots/,block-3,BP1_FOCUS_ATT
control,RV13,1,RD901F-40-00D,,9mm,POGO_Potentiometer_THT:Potentiometer_Alpha_RD901F-40-00D_Single_Vertical_CircularHoles,Alpha (Taiwan),Thonk,https://www.thonk.co.uk/shop/alpha-9mm-pots/,block-3,BP1_DIST_ATT
control,RV14,1,RD901F-40-00D,,9mm,POGO_Potentiometer_THT:Potentiometer_Alpha_RD901F-40-00D_Single_Vertical_CircularHoles,Alpha (Taiwan),Thonk,https://www.thonk.co.uk/shop/alpha-9mm-pots/,block-3,BP2_FREQ_ATT
control,RV15,1,RD901F-40-00D,,9mm,POGO_Potentiometer_THT:Potentiometer_Alpha_RD901F-40-00D_Single_Vertical_CircularHoles,Alpha (Taiwan),Thonk,https://www.thonk.co.uk/shop/alpha-9mm-pots/,block-3,BP2_FOCUS_ATT
control,RV16,1,RD901F-40-00D,,9mm,POGO_Potentiometer_THT:Potentiometer_Alpha_RD901F-40-00D_Single_Vertical_CircularHoles,Alpha (Taiwan),Thonk,https://www.thonk.co.uk/shop/alpha-9mm-pots/,block-3,BP2_DIST_ATT
control,RV17,1,RD901F-40-00D,,9mm,POGO_Potentiometer_THT:Potentiometer_Alpha_RD901F-40-00D_Single_Vertical_CircularHoles,Alpha (Taiwan),Thonk,https://www.thonk.co.uk/shop/alpha-9mm-pots/,block-3,BP3_FREQ_ATT
control,RV18,1,RD901F-40-00D,,9mm,POGO_Potentiometer_THT:Potentiometer_Alpha_RD901F-40-00D_Single_Vertical_CircularHoles,Alpha (Taiwan),Thonk,https://www.thonk.co.uk/shop/alpha-9mm-pots/,block-3,BP3_FOCUS_ATT
control,RV19,1,RD901F-40-00D,,9mm,POGO_Potentiometer_THT:Potentiometer_Alpha_RD901F-40-00D_Single_Vertical_CircularHoles,Alpha (Taiwan),Thonk,https://www.thonk.co.uk/shop/alpha-9mm-pots/,block-3,BP3_DIST_ATT
control,RV20,1,RD901F-40-00D,,9mm,POGO_Potentiometer_THT:Potentiometer_Alpha_RD901F-40-00D_Single_Vertical_CircularHoles,Alpha (Taiwan),Thonk,https://www.thonk.co.uk/shop/alpha-9mm-pots/,block-3,HP_FREQ_ATT
control,RV21,1,RD901F-40-00D,,9mm,POGO_Potentiometer_THT:Potentiometer_Alpha_RD901F-40-00D_Single_Vertical_CircularHoles,Alpha (Taiwan),Thonk,https://www.thonk.co.uk/shop/alpha-9mm-pots/,block-3,HP_RES_ATT
control,RV22,1,RD901F-40-00D,,9mm,POGO_Potentiometer_THT:Potentiometer_Alpha_RD901F-40-00D_Single_Vertical_CircularHoles,Alpha (Taiwan),Thonk,https://www.thonk.co.uk/shop/alpha-9mm-pots/,block-3,LP2_FREQ_ATT
control,RV23,1,RD901F-40-00D,,9mm,POGO_Potentiometer_THT:Potentiometer_Alpha_RD901F-40-00D_Single_Vertical_CircularHoles,Alpha (Taiwan),Thonk,https://www.thonk.co.uk/shop/alpha-9mm-pots/,block-3,LP2_RES_ATT
control,RV24,1,RD901F-40-00D,1kΩ,9mm,POGO_Potentiometer_THT:Potentiometer_Alpha_RD901F-40-00D_Single_Vertical_CircularHoles,Alpha (Taiwan),Thonk,https://www.thonk.co.uk/shop/alpha-9mm-pots/,block-4,VCA_AMT (-1 to +1); 1kΩ chosen to limit wiper impedance <250Ω (avoids 14% THAT2180 gain error at center travel)
control,RV25,1,RD901F-40-00D,,9mm,POGO_Potentiometer_THT:Potentiometer_Alpha_RD901F-40-00D_Single_Vertical_CircularHoles,Alpha (Taiwan),Thonk,https://www.thonk.co.uk/shop/alpha-9mm-pots/,block-4,VCA_OFS (0 to 1)
control,RV26,1,RD901F-40-00D,,9mm,POGO_Potentiometer_THT:Potentiometer_Alpha_RD901F-40-00D_Single_Vertical_CircularHoles,Alpha (Taiwan),Thonk,https://www.thonk.co.uk/shop/alpha-9mm-pots/,block-5,LP1_FREQ (±5V/oct)
control,RV27,1,RD901F-40-00D,,9mm,POGO_Potentiometer_THT:Potentiometer_Alpha_RD901F-40-00D_Single_Vertical_CircularHoles,Alpha (Taiwan),Thonk,https://www.thonk.co.uk/shop/alpha-9mm-pots/,block-5,LP1_TILT (±1)
control,RV28,1,RD901F-40-00D,,9mm,POGO_Potentiometer_THT:Potentiometer_Alpha_RD901F-40-00D_Single_Vertical_CircularHoles,Alpha (Taiwan),Thonk,https://www.thonk.co.uk/shop/alpha-9mm-pots/,block-5,LP1_RES (0–1)
control,SW3,1,DW3 (2M DPDT ON-ON),,sub-mini toggle 2M,POGO_Button_Switch_THT:SW_Dailywell_DW3_DPDT,Dailywell,Thonk,https://www.thonk.co.uk/shop/sub-mini-toggle-switches/,block-6,BP_POL (Positive/Negative)
control,SW4,1,DW5 (2M DPDT ON-ON-ON),,sub-mini toggle 2M,POGO_Button_Switch_THT:SW_Dailywell_DW5_DPDT,Dailywell,Thonk,https://www.thonk.co.uk/shop/sub-mini-toggle-switches/,block-6,BP1_DIST_MODE (Soft/Hard/Fold)
control,SW5,1,DW5 (2M DPDT ON-ON-ON),,sub-mini toggle 2M,POGO_Button_Switch_THT:SW_Dailywell_DW5_DPDT,Dailywell,Thonk,https://www.thonk.co.uk/shop/sub-mini-toggle-switches/,block-6,BP2_DIST_MODE (Soft/Hard/Fold)
control,SW6,1,DW5 (2M DPDT ON-ON-ON),,sub-mini toggle 2M,POGO_Button_Switch_THT:SW_Dailywell_DW5_DPDT,Dailywell,Thonk,https://www.thonk.co.uk/shop/sub-mini-toggle-switches/,block-6,BP3_DIST_MODE (Soft/Hard/Fold)
control,SW7,1,DW5 (2M DPDT ON-ON-ON),,sub-mini toggle 2M,POGO_Button_Switch_THT:SW_Dailywell_DW5_DPDT,Dailywell,Thonk,https://www.thonk.co.uk/shop/sub-mini-toggle-switches/,block-3,MOD_SRC (3-way mod source select)
control,RV29,1,RD901F-40-00D,,9mm,POGO_Potentiometer_THT:Potentiometer_Alpha_RD901F-40-00D_Single_Vertical_CircularHoles,Alpha (Taiwan),Thonk,https://www.thonk.co.uk/shop/alpha-9mm-pots/,block-6,BP_OFFSET master freq (±5V/oct)
control,RV30,1,RD901F-40-00D,,9mm,POGO_Potentiometer_THT:Potentiometer_Alpha_RD901F-40-00D_Single_Vertical_CircularHoles,Alpha (Taiwan),Thonk,https://www.thonk.co.uk/shop/alpha-9mm-pots/,block-6,BP_MIX dry/wet (0–1)
control,RV31,1,RD901F-40-00D,,9mm,POGO_Potentiometer_THT:Potentiometer_Alpha_RD901F-40-00D_Single_Vertical_CircularHoles,Alpha (Taiwan),Thonk,https://www.thonk.co.uk/shop/alpha-9mm-pots/,block-6,BP1_FREQ
control,RV32,1,RD901F-40-00D,,9mm,POGO_Potentiometer_THT:Potentiometer_Alpha_RD901F-40-00D_Single_Vertical_CircularHoles,Alpha (Taiwan),Thonk,https://www.thonk.co.uk/shop/alpha-9mm-pots/,block-6,BP1_FOCUS
control,RV33,1,RD901F-40-00D,,9mm,POGO_Potentiometer_THT:Potentiometer_Alpha_RD901F-40-00D_Single_Vertical_CircularHoles,Alpha (Taiwan),Thonk,https://www.thonk.co.uk/shop/alpha-9mm-pots/,block-6,BP1_DIST (drive)
control,RV34,1,RD901F-40-00D,,9mm,POGO_Potentiometer_THT:Potentiometer_Alpha_RD901F-40-00D_Single_Vertical_CircularHoles,Alpha (Taiwan),Thonk,https://www.thonk.co.uk/shop/alpha-9mm-pots/,block-6,BP2_FREQ
control,RV35,1,RD901F-40-00D,,9mm,POGO_Potentiometer_THT:Potentiometer_Alpha_RD901F-40-00D_Single_Vertical_CircularHoles,Alpha (Taiwan),Thonk,https://www.thonk.co.uk/shop/alpha-9mm-pots/,block-6,BP2_FOCUS
control,RV36,1,RD901F-40-00D,,9mm,POGO_Potentiometer_THT:Potentiometer_Alpha_RD901F-40-00D_Single_Vertical_CircularHoles,Alpha (Taiwan),Thonk,https://www.thonk.co.uk/shop/alpha-9mm-pots/,block-6,BP2_DIST (drive)
control,RV37,1,RD901F-40-00D,,9mm,POGO_Potentiometer_THT:Potentiometer_Alpha_RD901F-40-00D_Single_Vertical_CircularHoles,Alpha (Taiwan),Thonk,https://www.thonk.co.uk/shop/alpha-9mm-pots/,block-6,BP3_FREQ
control,RV38,1,RD901F-40-00D,,9mm,POGO_Potentiometer_THT:Potentiometer_Alpha_RD901F-40-00D_Single_Vertical_CircularHoles,Alpha (Taiwan),Thonk,https://www.thonk.co.uk/shop/alpha-9mm-pots/,block-6,BP3_FOCUS
control,RV39,1,RD901F-40-00D,,9mm,POGO_Potentiometer_THT:Potentiometer_Alpha_RD901F-40-00D_Single_Vertical_CircularHoles,Alpha (Taiwan),Thonk,https://www.thonk.co.uk/shop/alpha-9mm-pots/,block-6,BP3_DIST (drive)
control,RV40,1,,,panel,POGO_Potentiometer_THT:Potentiometer_Slider_45mm_Vertical,Alpha/Alps,Thonk,https://www.thonk.co.uk/shop/alpha-sliders/,block-7,"HP_FREQ slider (±5V/oct, default -3V)"
control,RV41,1,3296W-1-xxx,,through-hole,POGO_Potentiometer_THT:Potentiometer_Bourns_3296W_Vertical,Bourns,,https://www.bourns.com/docs/Product-Datasheets/3296.pdf,block-7,HP_RES trimpot (preset; 0–1)
control,RV42,1,,,panel,POGO_Potentiometer_THT:Potentiometer_Slider_45mm_Vertical,Alpha/Alps,Thonk,https://www.thonk.co.uk/shop/alpha-sliders/,block-8,"LP2_FREQ slider (±5V/oct, default +2V)"
control,RV43,1,3296W-1-xxx,,through-hole,POGO_Potentiometer_THT:Potentiometer_Bourns_3296W_Vertical,Bourns,,https://www.bourns.com/docs/Product-Datasheets/3296.pdf,block-8,LP2_RES trimpot (preset; 0–1)
panel,J1,1,WQP-PJ398SM,,panel,POGO_Connector_Audio:Jack_3.5mm_QingPu_WQP-PJ398SM_Vertical_CircularHoles,Qingpu (Thonkiconn),Thonk,https://www.thonk.co.uk/shop/thonkiconn/,block-A,L_IN_INPUT
panel,J2,1,WQP-PJ398SM,,panel,POGO_Connector_Audio:Jack_3.5mm_QingPu_WQP-PJ398SM_Vertical_CircularHoles,Qingpu (Thonkiconn),Thonk,https://www.thonk.co.uk/shop/thonkiconn/,block-A,R_IN_INPUT (normalles to L)
panel,J3,1,WQP-PJ398SM,,panel,POGO_Connector_Audio:Jack_3.5mm_QingPu_WQP-PJ398SM_Vertical_CircularHoles,Qingpu (Thonkiconn),Thonk,https://www.thonk.co.uk/shop/thonkiconn/,block-1,ALT_BP_L_INPUT
panel,J4,1,WQP-PJ398SM,,panel,POGO_Connector_Audio:Jack_3.5mm_QingPu_WQP-PJ398SM_Vertical_CircularHoles,Qingpu (Thonkiconn),Thonk,https://www.thonk.co.uk/shop/thonkiconn/,block-1,ALT_BP_R_INPUT (normalles to ALT_L)
panel,J5,1,WQP-PJ398SM,,panel,POGO_Connector_Audio:Jack_3.5mm_QingPu_WQP-PJ398SM_Vertical_CircularHoles,Qingpu (Thonkiconn),Thonk,https://www.thonk.co.uk/shop/thonkiconn/,block-2,LFO1_OUTPUT
panel,J6,1,WQP-PJ398SM,,panel,POGO_Connector_Audio:Jack_3.5mm_QingPu_WQP-PJ398SM_Vertical_CircularHoles,Qingpu (Thonkiconn),Thonk,https://www.thonk.co.uk/shop/thonkiconn/,block-2,LFO2_OUTPUT
panel,J7,1,WQP-PJ398SM,,panel,POGO_Connector_Audio:Jack_3.5mm_QingPu_WQP-PJ398SM_Vertical_CircularHoles,Qingpu (Thonkiconn),Thonk,https://www.thonk.co.uk/shop/thonkiconn/,block-3,MOD_INPUT (normalles to LFO1)
panel,J8,1,WQP-PJ398SM,,panel,POGO_Connector_Audio:Jack_3.5mm_QingPu_WQP-PJ398SM_Vertical_CircularHoles,Qingpu (Thonkiconn),Thonk,https://www.thonk.co.uk/shop/thonkiconn/,block-3,LP1_FREQ_INPUT override
panel,J9,1,WQP-PJ398SM,,panel,POGO_Connector_Audio:Jack_3.5mm_QingPu_WQP-PJ398SM_Vertical_CircularHoles,Qingpu (Thonkiconn),Thonk,https://www.thonk.co.uk/shop/thonkiconn/,block-3,LP1_TILT_INPUT override
panel,J10,1,WQP-PJ398SM,,panel,POGO_Connector_Audio:Jack_3.5mm_QingPu_WQP-PJ398SM_Vertical_CircularHoles,Qingpu (Thonkiconn),Thonk,https://www.thonk.co.uk/shop/thonkiconn/,block-3,LP1_RES_INPUT override
panel,J11,1,WQP-PJ398SM,,panel,POGO_Connector_Audio:Jack_3.5mm_QingPu_WQP-PJ398SM_Vertical_CircularHoles,Qingpu (Thonkiconn),Thonk,https://www.thonk.co.uk/shop/thonkiconn/,block-3,BP_FREQ_INPUT override
panel,J12,1,WQP-PJ398SM,,panel,POGO_Connector_Audio:Jack_3.5mm_QingPu_WQP-PJ398SM_Vertical_CircularHoles,Qingpu (Thonkiconn),Thonk,https://www.thonk.co.uk/shop/thonkiconn/,block-3,BP_TILT_INPUT override
panel,J13,1,WQP-PJ398SM,,panel,POGO_Connector_Audio:Jack_3.5mm_QingPu_WQP-PJ398SM_Vertical_CircularHoles,Qingpu (Thonkiconn),Thonk,https://www.thonk.co.uk/shop/thonkiconn/,block-3,BP1_FREQ_INPUT override
panel,J14,1,WQP-PJ398SM,,panel,POGO_Connector_Audio:Jack_3.5mm_QingPu_WQP-PJ398SM_Vertical_CircularHoles,Qingpu (Thonkiconn),Thonk,https://www.thonk.co.uk/shop/thonkiconn/,block-3,BP1_FOCUS_INPUT override
panel,J15,1,WQP-PJ398SM,,panel,POGO_Connector_Audio:Jack_3.5mm_QingPu_WQP-PJ398SM_Vertical_CircularHoles,Qingpu (Thonkiconn),Thonk,https://www.thonk.co.uk/shop/thonkiconn/,block-3,BP1_DIST_INPUT override
panel,J16,1,WQP-PJ398SM,,panel,POGO_Connector_Audio:Jack_3.5mm_QingPu_WQP-PJ398SM_Vertical_CircularHoles,Qingpu (Thonkiconn),Thonk,https://www.thonk.co.uk/shop/thonkiconn/,block-3,BP2_FREQ_INPUT override
panel,J17,1,WQP-PJ398SM,,panel,POGO_Connector_Audio:Jack_3.5mm_QingPu_WQP-PJ398SM_Vertical_CircularHoles,Qingpu (Thonkiconn),Thonk,https://www.thonk.co.uk/shop/thonkiconn/,block-3,BP2_FOCUS_INPUT override
panel,J18,1,WQP-PJ398SM,,panel,POGO_Connector_Audio:Jack_3.5mm_QingPu_WQP-PJ398SM_Vertical_CircularHoles,Qingpu (Thonkiconn),Thonk,https://www.thonk.co.uk/shop/thonkiconn/,block-3,BP2_DIST_INPUT override
panel,J19,1,WQP-PJ398SM,,panel,POGO_Connector_Audio:Jack_3.5mm_QingPu_WQP-PJ398SM_Vertical_CircularHoles,Qingpu (Thonkiconn),Thonk,https://www.thonk.co.uk/shop/thonkiconn/,block-3,BP3_FREQ_INPUT override
panel,J20,1,WQP-PJ398SM,,panel,POGO_Connector_Audio:Jack_3.5mm_QingPu_WQP-PJ398SM_Vertical_CircularHoles,Qingpu (Thonkiconn),Thonk,https://www.thonk.co.uk/shop/thonkiconn/,block-3,BP3_FOCUS_INPUT override
panel,J21,1,WQP-PJ398SM,,panel,POGO_Connector_Audio:Jack_3.5mm_QingPu_WQP-PJ398SM_Vertical_CircularHoles,Qingpu (Thonkiconn),Thonk,https://www.thonk.co.uk/shop/thonkiconn/,block-3,BP3_DIST_INPUT override
panel,J22,1,WQP-PJ398SM,,panel,POGO_Connector_Audio:Jack_3.5mm_QingPu_WQP-PJ398SM_Vertical_CircularHoles,Qingpu (Thonkiconn),Thonk,https://www.thonk.co.uk/shop/thonkiconn/,block-3,HP_FREQ_INPUT override
panel,J23,1,WQP-PJ398SM,,panel,POGO_Connector_Audio:Jack_3.5mm_QingPu_WQP-PJ398SM_Vertical_CircularHoles,Qingpu (Thonkiconn),Thonk,https://www.thonk.co.uk/shop/thonkiconn/,block-3,HP_RES_INPUT override
panel,J24,1,WQP-PJ398SM,,panel,POGO_Connector_Audio:Jack_3.5mm_QingPu_WQP-PJ398SM_Vertical_CircularHoles,Qingpu (Thonkiconn),Thonk,https://www.thonk.co.uk/shop/thonkiconn/,block-3,LP2_FREQ_INPUT override
panel,J25,1,WQP-PJ398SM,,panel,POGO_Connector_Audio:Jack_3.5mm_QingPu_WQP-PJ398SM_Vertical_CircularHoles,Qingpu (Thonkiconn),Thonk,https://www.thonk.co.uk/shop/thonkiconn/,block-3,LP2_RES_INPUT override
panel,J26,1,WQP-PJ398SM,,panel,POGO_Connector_Audio:Jack_3.5mm_QingPu_WQP-PJ398SM_Vertical_CircularHoles,Qingpu (Thonkiconn),Thonk,https://www.thonk.co.uk/shop/thonkiconn/,block-4,VCA_INPUT (normalles to mod bus)
panel,J27,1,WQP-PJ398SM,,panel,POGO_Connector_Audio:Jack_3.5mm_QingPu_WQP-PJ398SM_Vertical_CircularHoles,Qingpu (Thonkiconn),Thonk,https://www.thonk.co.uk/shop/thonkiconn/,block-6,BP3_L_OUTPUT
panel,J28,1,WQP-PJ398SM,,panel,POGO_Connector_Audio:Jack_3.5mm_QingPu_WQP-PJ398SM_Vertical_CircularHoles,Qingpu (Thonkiconn),Thonk,https://www.thonk.co.uk/shop/thonkiconn/,block-6,BP3_R_OUTPUT
panel,J29,1,WQP-PJ398SM,,panel,POGO_Connector_Audio:Jack_3.5mm_QingPu_WQP-PJ398SM_Vertical_CircularHoles,Qingpu (Thonkiconn),Thonk,https://www.thonk.co.uk/shop/thonkiconn/,block-B,MAIN_L_OUTPUT
panel,J30,1,WQP-PJ398SM,,panel,POGO_Connector_Audio:Jack_3.5mm_QingPu_WQP-PJ398SM_Vertical_CircularHoles,Qingpu (Thonkiconn),Thonk,https://www.thonk.co.uk/shop/thonkiconn/,block-B,MAIN_R_OUTPUT
