Board,Ref,Type,Qty,MPN,Value,Package,Footprint,Manufacturer,Supplier,Datasheet,Block,Function
audio,U1,IC,1,OPA1612AID,,SOIC-8,POGO_Package_SO:SOIC-8_3.9x4.9mm_P1.27mm,Texas Instruments,,https://www.ti.com/lit/ds/symlink/opa1612.pdf,block-A,Input buffers L+R (non-inv followers); 1.1 nV/√Hz
audio,D1,Diode,1,BAT54S,,SOT-23,POGO_Package_TO_SOT_SMD:SOT-23,Diodes Inc.,,https://www.diodes.com/assets/Datasheets/ds11005.pdf,block-A,L input clamp ±12V
audio,D2,Diode,1,BAT54S,,SOT-23,POGO_Package_TO_SOT_SMD:SOT-23,Diodes Inc.,,https://www.diodes.com/assets/Datasheets/ds11005.pdf,block-A,R input clamp ±12V
audio,R1,Resistor,1,,100Ω,0603,,,,,block-A,L series protection
audio,R2,Resistor,1,,100Ω,0603,,,,,block-A,R series protection
audio,C1,Capacitor,1,,100nF,0603,,,,,block-A,U1 +12V decoupling
audio,C2,Capacitor,1,,100nF,0603,,,,,block-A,U1 -12V decoupling
audio,U2,IC,1,OPA1612AID,,SOIC-8,POGO_Package_SO:SOIC-8_3.9x4.9mm_P1.27mm,Texas Instruments,,https://www.ti.com/lit/ds/symlink/opa1612.pdf,block-1,Main pre-gain amp L+R; 1.1 nV/√Hz
audio,U3,IC,1,OPA1612AID,,SOIC-8,POGO_Package_SO:SOIC-8_3.9x4.9mm_P1.27mm,Texas Instruments,,https://www.ti.com/lit/ds/symlink/opa1612.pdf,block-1,Alt BP pre-gain amp L+R; 1.1 nV/√Hz
audio,R3,Resistor,2,,4.7kΩ,0603,,,,,block-1,R_in main gain stage (×2 ch: R3L/R3R); 1% for L/R match; low i_n×R noise
audio,R4,Resistor,2,,18kΩ,0603,,,,,block-1,R_f main gain stage (×2 ch: R4L/R4R); G = 1 + 18/4.7 = 4.83× ≈ 5×
audio,R5,Resistor,2,,4.7kΩ,0603,,,,,block-1,R_in alt gain stage (×2 ch: R5L/R5R)
audio,R6,Resistor,2,,18kΩ,0603,,,,,block-1,R_f alt gain stage (×2 ch: R6L/R6R)
audio,R38,Resistor,1,,100Ω,0603,,,,,block-1,ALT_BP_L series input protection
audio,R39,Resistor,1,,100Ω,0603,,,,,block-1,ALT_BP_R series input protection
audio,R134,Resistor,1,,22kΩ,0603,,,,,block-1,ALT_BP_L insertion-detect pulldown (ALT_L_TIP→GND; feeds BP3 selector ALT_L_DET)
audio,D8,Diode,1,BAT54S,,SOT-23,POGO_Package_TO_SOT_SMD:SOT-23,Diodes Inc.,,https://www.diodes.com/assets/Datasheets/ds11005.pdf,block-1,ALT_BP_L input clamp ±12V
audio,D9,Diode,1,BAT54S,,SOT-23,POGO_Package_TO_SOT_SMD:SOT-23,Diodes Inc.,,https://www.diodes.com/assets/Datasheets/ds11005.pdf,block-1,ALT_BP_R input clamp ±12V
audio,C3,Capacitor,1,,100nF,0603,,,,,block-1,U2 +12V decoupling
audio,C4,Capacitor,1,,100nF,0603,,,,,block-1,U2 -12V decoupling
audio,C5,Capacitor,1,,100nF,0603,,,,,block-1,U3 +12V decoupling
audio,C6,Capacitor,1,,100nF,0603,,,,,block-1,U3 -12V decoupling
audio,U4,IC,1,THAT2180AL08-U,,SIP-8,POGO_Package_SIP:SIP-8_2.54mm,THAT Corporation,,https://www.thatcorp.com/datashts/THAT_2180-Series_Datasheet.pdf,block-4,"L-channel dB-law VCA (current-in/out); 8-pin SIP (THT, no SMD variant)"
audio,U5,IC,1,THAT2180AL08-U,,SIP-8,POGO_Package_SIP:SIP-8_2.54mm,THAT Corporation,,https://www.thatcorp.com/datashts/THAT_2180-Series_Datasheet.pdf,block-4,"R-channel dB-law VCA (current-in/out); 8-pin SIP (THT, no SMD variant)"
audio,U6,IC,1,TL072CDT,,SOIC-8,POGO_Package_SO:SOIC-8_3.9x4.9mm_P1.27mm,Texas Instruments,,https://www.ti.com/lit/ds/symlink/tl072.pdf,block-4,"main I/V transimpedance converters (THAT2180 current outputs → V; L=A, R=B)"
audio,U63,IC,1,TL072CDT,,SOIC-8,POGO_Package_SO:SOIC-8_3.9x4.9mm_P1.27mm,Texas Instruments,,https://www.ti.com/lit/ds/symlink/tl072.pdf,block-4,VCA CV conditioning: CV+OFS summer (A) + effCV inverter (B); OFS summed before the AMT pot (0018)
audio,U78,IC,1,THAT2180AL08-U,,SIP-8,POGO_Package_SIP:SIP-8_2.54mm,THAT Corporation,,https://www.thatcorp.com/datashts/THAT_2180-Series_Datasheet.pdf,block-4,ALT-L dB-law VCA (current-in/out) → BP3; 8-pin SIP (THT)
audio,U79,IC,1,THAT2180AL08-U,,SIP-8,POGO_Package_SIP:SIP-8_2.54mm,THAT Corporation,,https://www.thatcorp.com/datashts/THAT_2180-Series_Datasheet.pdf,block-4,ALT-R dB-law VCA (current-in/out) → BP3; 8-pin SIP (THT)
audio,U80,IC,1,TL072CDT,,SOIC-8,POGO_Package_SO:SOIC-8_3.9x4.9mm_P1.27mm,Texas Instruments,,https://www.ti.com/lit/ds/symlink/tl072.pdf,block-4,"ALT I/V transimpedance converters (ALT-L=A, ALT-R=B)"
audio,RV1,Trimpot/Pot,1,3224W-1-xxx,500Ω,SMD,POGO_Potentiometer_SMD:Potentiometer_Bourns_3224W,Bourns,,https://www.bourns.com/docs/Product-Datasheets/3224.pdf,block-4,L unity-gain trim (Ec+ offset)
audio,RV2,Trimpot/Pot,1,3224W-1-xxx,500Ω,SMD,POGO_Potentiometer_SMD:Potentiometer_Bourns_3224W,Bourns,,https://www.bourns.com/docs/Product-Datasheets/3224.pdf,block-4,R unity-gain trim (Ec+ offset)
audio,R7,Resistor,1,,20kΩ,0603,,,,,block-4,R_in L: audio V→I into THAT2180 Input (pin 1)
audio,R8,Resistor,1,,20kΩ,0603,,,,,block-4,R_in R
audio,R40,Resistor,1,,20kΩ,0603,,,,,block-4,R_f L: I/V transimpedance feedback (unity at 0 dB; inverting)
audio,R41,Resistor,1,,20kΩ,0603,,,,,block-4,R_f R
audio,R42,Resistor,1,,100kΩ,0603,,,,,block-4,R_sum_cv: CV+OFS summer — CV input (U63A)
audio,R43,Resistor,1,,100kΩ,0603,,,,,block-4,R_sum_fb: CV+OFS summer feedback (U63A)
audio,R44,Resistor,1,,100kΩ,0603,,,,,block-4,R_inv_in: effCV inverter input (U63B; generates +effCV)
audio,R45,Resistor,1,,100kΩ,0603,,,,,block-4,"R_sum_ofs: CV+OFS summer — OFS floor input (U63A; pivot-referenced, Phase-3R)"
audio,R46,Resistor,1,,100kΩ,0603,,,,,block-4,R_inv_fb: effCV inverter feedback (U63B)
audio,R129,Resistor,1,,20kΩ,0603,,,,,block-4,R_in ALT-L: audio V→I into U78 Input (pin 1)
audio,R130,Resistor,1,,20kΩ,0603,,,,,block-4,R_in ALT-R: into U79 Input
audio,R131,Resistor,1,,20kΩ,0603,,,,,block-4,R_f ALT-L: I/V feedback (unity at 0 dB; inverting)
audio,R132,Resistor,1,,20kΩ,0603,,,,,block-4,R_f ALT-R: I/V feedback
audio,R9,Resistor,1,,100Ω,0603,,,,,block-4,VCA CV input series protection
audio,D3,Diode,1,BAT54S,,SOT-23,POGO_Package_TO_SOT_SMD:SOT-23,Diodes Inc.,,https://www.diodes.com/assets/Datasheets/ds11005.pdf,block-4,VCA CV input clamp ±12V
audio,RV46,Trimpot/Pot,1,3224W-1-xxx,500Ω,SMD,POGO_Potentiometer_SMD:Potentiometer_Bourns_3224W,Bourns,,https://www.bourns.com/docs/Product-Datasheets/3224.pdf,block-4,ALT-L unity-gain trim (Ec+ offset)
audio,RV47,Trimpot/Pot,1,3224W-1-xxx,500Ω,SMD,POGO_Potentiometer_SMD:Potentiometer_Bourns_3224W,Bourns,,https://www.bourns.com/docs/Product-Datasheets/3224.pdf,block-4,ALT-R unity-gain trim (Ec+ offset)
audio,C7,Capacitor,1,,100nF,0603,,,,,block-4,U4 +12V (V+) decoupling
audio,C8,Capacitor,1,,100nF,0603,,,,,block-4,U4 -12V (V-) decoupling
audio,C9,Capacitor,1,,100nF,0603,,,,,block-4,U5 +12V (V+) decoupling
audio,C10,Capacitor,1,,100nF,0603,,,,,block-4,U5 -12V (V-) decoupling
audio,C41,Capacitor,1,,100nF,0603,,,,,block-4,U6 +12V decoupling
audio,C42,Capacitor,1,,100nF,0603,,,,,block-4,U6 -12V decoupling
audio,C43,Capacitor,1,,100nF,0603,,,,,block-4,U63 +12V decoupling
audio,C44,Capacitor,1,,100nF,0603,,,,,block-4,U63 -12V decoupling
audio,C111,Capacitor,1,,100nF,0603,,,,,block-4,U78 (ALT-L VCA) V+ decoupling
audio,C112,Capacitor,1,,100nF,0603,,,,,block-4,U78 V- decoupling
audio,C113,Capacitor,1,,100nF,0603,,,,,block-4,U79 (ALT-R VCA) V+ decoupling
audio,C114,Capacitor,1,,100nF,0603,,,,,block-4,U79 V- decoupling
audio,C115,Capacitor,1,,100nF,0603,,,,,block-4,U80 (ALT I/V) +12V decoupling
audio,C116,Capacitor,1,,100nF,0603,,,,,block-4,U80 -12V decoupling
audio,U7,IC,1,LM13700M,,SOIC-16,POGO_Package_SO:SOIC-16_3.9x9.9mm_P1.27mm,Texas Instruments,,https://www.ti.com/lit/ds/symlink/lm13700.pdf,block-5,LP1 OTA integrators L
audio,U8,IC,1,LM13700M,,SOIC-16,POGO_Package_SO:SOIC-16_3.9x9.9mm_P1.27mm,Texas Instruments,,https://www.ti.com/lit/ds/symlink/lm13700.pdf,block-5,LP1 OTA integrators R
audio,U9,IC,1,LM13700M,,SOIC-16,POGO_Package_SO:SOIC-16_3.9x9.9mm_P1.27mm,Texas Instruments,,https://www.ti.com/lit/ds/symlink/lm13700.pdf,"block-5, block-8","LP1+LP2 Q VCA L (cell A=LP1, cell B=LP2)"
audio,U10,IC,1,LM13700M,,SOIC-16,POGO_Package_SO:SOIC-16_3.9x9.9mm_P1.27mm,Texas Instruments,,https://www.ti.com/lit/ds/symlink/lm13700.pdf,"block-5, block-8","LP1+LP2 Q VCA R (cell A=LP1, cell B=LP2)"
audio,U11,IC,1,OPA1612AID,,SOIC-8,POGO_Package_SO:SOIC-8_3.9x4.9mm_P1.27mm,Texas Instruments,,https://www.ti.com/lit/ds/symlink/opa1612.pdf,block-5,LP1 SUM_AMP + output buffer L
audio,U12,IC,1,OPA1612AID,,SOIC-8,POGO_Package_SO:SOIC-8_3.9x4.9mm_P1.27mm,Texas Instruments,,https://www.ti.com/lit/ds/symlink/opa1612.pdf,block-5,LP1 SUM_AMP + output buffer R
audio,U13,IC,1,TL072CDT,,SOIC-8,POGO_Package_SO:SOIC-8_3.9x4.9mm_P1.27mm,Texas Instruments,,https://www.ti.com/lit/ds/symlink/tl072.pdf,block-5,LP1 tilt inverter (−V_tilt for R)
audio,U14,IC,1,THAT340S14-U,,SOIC-14,POGO_Package_SO:SOIC-14_3.9x8.7mm_P1.27mm,THAT Corporation,,https://thatcorp.com/datashts/THAT_300-Series_Datasheet.pdf,block-5,LP1 expo converter L (matched NPN Q1/Q2); per-channel for true stereo tilt
audio,C11,Capacitor,1,,47nF,0603,,,,,block-5,LP1 integrator C1 L (C0G/NP0)
audio,C12,Capacitor,1,,47nF,0603,,,,,block-5,LP1 integrator C2 L (C0G/NP0)
audio,C13,Capacitor,1,,47nF,0603,,,,,block-5,LP1 integrator C1 R (C0G/NP0)
audio,C14,Capacitor,1,,47nF,0603,,,,,block-5,LP1 integrator C2 R (C0G/NP0)
audio,R10,Resistor,1,,100kΩ,0603,,,,,block-5,LP1 SUM_AMP R_in L
audio,R11,Resistor,1,,100kΩ,0603,,,,,block-5,LP1 SUM_AMP R_in R
audio,R_TILT_INV_IN,Resistor,1,,100kΩ,0603,,,,,block-5,LP1 tilt inverter input R (U13 half A; 1% for tilt center null depth)
audio,R_TILT_INV_FB,Resistor,1,,100kΩ,0603,,,,,block-5,LP1 tilt inverter feedback R (matched pair; G=−1 gives −V_tilt for R channel)
audio,RV3,Trimpot/Pot,1,3224W-1-xxx,500kΩ,SMD,POGO_Potentiometer_SMD:Potentiometer_Bourns_3224W,Bourns,,https://www.bourns.com/docs/Product-Datasheets/3224.pdf,block-5,LP1 f_ref trim rheostat L; in series with R_IREF_A 1MΩ; ±25% range
audio,RV4,Trimpot/Pot,1,3224W-1-xxx,20kΩ,SMD,POGO_Potentiometer_SMD:Potentiometer_Bourns_3224W,Bourns,,https://www.bourns.com/docs/Product-Datasheets/3224.pdf,block-5,LP1 1V/oct tracking trim L; ±10% range
audio,RV5,Trimpot/Pot,1,3224W-1-xxx,100kΩ,SMD,POGO_Potentiometer_SMD:Potentiometer_Bourns_3224W,Bourns,,https://www.bourns.com/docs/Product-Datasheets/3224.pdf,block-5,LP1 Q_max trim (IRES_AMP V_bias; sets self-oscillation onset at full-CW RES)
audio,RV6,Trimpot/Pot,1,3224W-1-xxx,10kΩ,SMD,POGO_Potentiometer_SMD:Potentiometer_Bourns_3224W,Bourns,,https://www.bourns.com/docs/Product-Datasheets/3224.pdf,block-5,LP1 tilt center-null trim (L/R cutoff match at tilt detent)
audio,R47,Resistor,1,,100kΩ,0603,,,,,block-5,LP1 SUM_AMP v2 feedback input R L (R_FB_L)
audio,R48,Resistor,1,,100kΩ,0603,,,,,block-5,LP1 SUM_AMP v2 feedback input R R (R_FB_R)
audio,R49,Resistor,1,,1kΩ,0603,,,,,block-5,LP1 OTA1 linearizing R L (R_LIN_A_L)
audio,R50,Resistor,1,,1kΩ,0603,,,,,block-5,LP1 OTA2 linearizing R L (R_LIN_B_L)
audio,R51,Resistor,1,,1kΩ,0603,,,,,block-5,LP1 OTA1 linearizing R R (R_LIN_A_R)
audio,R52,Resistor,1,,1kΩ,0603,,,,,block-5,LP1 OTA2 linearizing R R (R_LIN_B_R)
audio,R53,Resistor,1,,100kΩ,0603,,,,,block-5,LP1 SUM_AMP feedback R L (R_f_L)
audio,R54,Resistor,1,,100kΩ,0603,,,,,block-5,LP1 SUM_AMP feedback R R (R_f_R)
audio,R55,Resistor,1,,100kΩ,0603,,,,,block-5,"LP1 tilt summer R, L expo input (+V_tilt)"
audio,R56,Resistor,1,,100kΩ,0603,,,,,block-5,"LP1 tilt summer R, R expo input (−V_tilt)"
audio,R57,Resistor,1,,1MΩ,0603,,,,,block-5,LP1 Q V→I: V_ires_L → U9 cellA Iabc (R_Iabc_L)
audio,R58,Resistor,1,,1MΩ,0603,,,,,block-5,LP1 Q V→I: V_ires_R → U10 cellA Iabc (R_Iabc_R)
audio,R59,Resistor,1,,100kΩ,0603,,,,,block-5,LP1 IRES_AMP V_bias input R (R_QBIAS)
audio,R60,Resistor,1,,100kΩ,0603,,,,,block-5,LP1 IRES_AMP resonance CV input R (R_QINV)
audio,R61,Resistor,1,,100kΩ,0603,,,,,block-5,LP1 IRES_AMP feedback R (R_f_q)
audio,R62,Resistor,1,,1MΩ,0603,,,,,block-5,LP1 expo I_ref fixed R; series with RV3 (R_IREF_A)
audio,R63,Resistor,1,,47kΩ,0603,,,,,block-5,LP1 expo V/oct scaling R (R_VOCT)
audio,R64,Resistor,1,,1kΩ,0603,,,,,block-5,LP1 expo emitter degeneration (R_E)
audio,D10,Diode,1,1N4148W,,SOD-123,POGO_Diode_SMD:D_SOD-123,Diodes Inc.,,https://www.diodes.com/assets/Datasheets/ds30086.pdf,block-5,"LP1 V_ires ≥0 clamp (anode GND, cathode V_ires); prevents reverse Iabc"
audio,C45,Capacitor,1,,100nF,0603,,,,,block-5,"LP1 expo I_ref node bypass (C_IREF, C0G)"
audio,C46,Capacitor,1,,10nF,0402,,,,,block-5,LP1 OTA Iabc bypass L (C_IABC_L)
audio,C47,Capacitor,1,,10nF,0402,,,,,block-5,LP1 OTA Iabc bypass R (C_IABC_R)
audio,C48,Capacitor,1,,10nF,0402,,,,,"block-5, block-8",LP1 Q-cell Iabc bypass L (C_IABC_Q_L)
audio,C49,Capacitor,1,,10nF,0402,,,,,"block-5, block-8",LP1 Q-cell Iabc bypass R (C_IABC_Q_R)
audio,C50,Capacitor,1,,100nF,0603,,,,,block-5,U7 V+ decoupling
audio,C51,Capacitor,1,,100nF,0603,,,,,block-5,U7 V- decoupling
audio,C52,Capacitor,1,,100nF,0603,,,,,block-5,U8 V+ decoupling
audio,C53,Capacitor,1,,100nF,0603,,,,,block-5,U8 V- decoupling
audio,C54,Capacitor,1,,100nF,0603,,,,,"block-5, block-8",U9 V+ decoupling
audio,C55,Capacitor,1,,100nF,0603,,,,,"block-5, block-8",U9 V- decoupling
audio,C56,Capacitor,1,,100nF,0603,,,,,"block-5, block-8",U10 V+ decoupling
audio,C57,Capacitor,1,,100nF,0603,,,,,"block-5, block-8",U10 V- decoupling
audio,C84,Capacitor,1,,10nF,0402,,,,,"block-5, block-8",LP2 Q-cell Iabc bypass L (U9 cellB)
audio,C85,Capacitor,1,,10nF,0402,,,,,"block-5, block-8",LP2 Q-cell Iabc bypass R (U10 cellB)
audio,C58,Capacitor,1,,100nF,0603,,,,,block-5,U11 V+ decoupling
audio,C59,Capacitor,1,,100nF,0603,,,,,block-5,U11 V- decoupling
audio,C60,Capacitor,1,,100nF,0603,,,,,block-5,U12 V+ decoupling
audio,C61,Capacitor,1,,100nF,0603,,,,,block-5,U12 V- decoupling
audio,C62,Capacitor,1,,100nF,0603,,,,,block-5,U13 V+ decoupling
audio,C63,Capacitor,1,,100nF,0603,,,,,block-5,U13 V- decoupling
audio,C64,Capacitor,1,,100nF,0603,,,,,block-5,U14 V+ decoupling
audio,C65,Capacitor,1,,100nF,0603,,,,,block-5,U14 V- decoupling
audio,U64,IC,1,THAT340S14-U,,SOIC-14,POGO_Package_SO:SOIC-14_3.9x8.7mm_P1.27mm,THAT Corporation,,https://thatcorp.com/datashts/THAT_300-Series_Datasheet.pdf,block-5,LP1 expo converter R (matched NPN Q1/Q2)
audio,R65,Resistor,1,,1MΩ,0603,,,,,block-5,LP1 expo R I_ref fixed R; series with RV22 (R_IREF_A_R)
audio,R66,Resistor,1,,47kΩ,0603,,,,,block-5,LP1 expo R V/oct scaling R (R_VOCT_R)
audio,R67,Resistor,1,,1kΩ,0603,,,,,block-5,LP1 expo R emitter degeneration (R_E_R)
audio,RV22,Trimpot/Pot,1,3224W-1-xxx,500kΩ,SMD,POGO_Potentiometer_SMD:Potentiometer_Bourns_3224W,Bourns,,https://www.bourns.com/docs/Product-Datasheets/3224.pdf,block-5,LP1 f_ref trim rheostat R
audio,RV23,Trimpot/Pot,1,3224W-1-xxx,20kΩ,SMD,POGO_Potentiometer_SMD:Potentiometer_Bourns_3224W,Bourns,,https://www.bourns.com/docs/Product-Datasheets/3224.pdf,block-5,LP1 1V/oct tracking trim R
audio,C66,Capacitor,1,,100nF,0603,,,,,block-5,LP1 expo R I_ref node bypass (C0G)
audio,C67,Capacitor,1,,100nF,0603,,,,,block-5,U64 V+ decoupling
audio,C68,Capacitor,1,,100nF,0603,,,,,block-5,U64 V- decoupling
audio,R68,Resistor,1,,10kΩ,0603,,,,,block-5,LP1 L OTA1 buffer (v1) emitter pulldown to V-
audio,R69,Resistor,1,,10kΩ,0603,,,,,block-5,LP1 L OTA2 buffer (v2) emitter pulldown to V-
audio,R70,Resistor,1,,10kΩ,0603,,,,,block-5,LP1 R OTA1 buffer (v1) emitter pulldown to V-
audio,R71,Resistor,1,,10kΩ,0603,,,,,block-5,LP1 R OTA2 buffer (v2) emitter pulldown to V-
audio,U15,IC,1,LM13700M,,SOIC-16,POGO_Package_SO:SOIC-16_3.9x9.9mm_P1.27mm,Texas Instruments,,https://www.ti.com/lit/ds/symlink/lm13700.pdf,block-6-svf1,BP1 OTA integrators + Q L
audio,U16,IC,1,LM13700M,,SOIC-16,POGO_Package_SO:SOIC-16_3.9x9.9mm_P1.27mm,Texas Instruments,,https://www.ti.com/lit/ds/symlink/lm13700.pdf,block-6-svf1,BP1 OTA integrators + Q R
audio,U17,IC,1,LM13700M,,SOIC-16,POGO_Package_SO:SOIC-16_3.9x9.9mm_P1.27mm,Texas Instruments,,https://www.ti.com/lit/ds/symlink/lm13700.pdf,block-6-svf2,BP2 OTA integrators + Q L
audio,U18,IC,1,LM13700M,,SOIC-16,POGO_Package_SO:SOIC-16_3.9x9.9mm_P1.27mm,Texas Instruments,,https://www.ti.com/lit/ds/symlink/lm13700.pdf,block-6-svf2,BP2 OTA integrators + Q R
audio,U19,IC,1,LM13700M,,SOIC-16,POGO_Package_SO:SOIC-16_3.9x9.9mm_P1.27mm,Texas Instruments,,https://www.ti.com/lit/ds/symlink/lm13700.pdf,block-6-svf3,BP3 OTA integrators + Q L
audio,U20,IC,1,LM13700M,,SOIC-16,POGO_Package_SO:SOIC-16_3.9x9.9mm_P1.27mm,Texas Instruments,,https://www.ti.com/lit/ds/symlink/lm13700.pdf,block-6-svf3,BP3 OTA integrators + Q R
audio,U21,IC,1,OPA1612AID,,SOIC-8,POGO_Package_SO:SOIC-8_3.9x4.9mm_P1.27mm,Texas Instruments,,https://www.ti.com/lit/ds/symlink/opa1612.pdf,block-6-svf1,BP1 SUM_AMP + buffer L
audio,U22,IC,1,OPA1612AID,,SOIC-8,POGO_Package_SO:SOIC-8_3.9x4.9mm_P1.27mm,Texas Instruments,,https://www.ti.com/lit/ds/symlink/opa1612.pdf,block-6-svf1,BP1 SUM_AMP + buffer R
audio,U23,IC,1,OPA1612AID,,SOIC-8,POGO_Package_SO:SOIC-8_3.9x4.9mm_P1.27mm,Texas Instruments,,https://www.ti.com/lit/ds/symlink/opa1612.pdf,block-6-svf2,BP2 SUM_AMP + buffer L
audio,U24,IC,1,OPA1612AID,,SOIC-8,POGO_Package_SO:SOIC-8_3.9x4.9mm_P1.27mm,Texas Instruments,,https://www.ti.com/lit/ds/symlink/opa1612.pdf,block-6-svf2,BP2 SUM_AMP + buffer R
audio,U25,IC,1,OPA1612AID,,SOIC-8,POGO_Package_SO:SOIC-8_3.9x4.9mm_P1.27mm,Texas Instruments,,https://www.ti.com/lit/ds/symlink/opa1612.pdf,block-6-svf3,BP3 SUM_AMP + buffer L
audio,U26,IC,1,OPA1612AID,,SOIC-8,POGO_Package_SO:SOIC-8_3.9x4.9mm_P1.27mm,Texas Instruments,,https://www.ti.com/lit/ds/symlink/opa1612.pdf,block-6-svf3,BP3 SUM_AMP + buffer R
audio,U27,IC,1,TL072CDT,,SOIC-8,POGO_Package_SO:SOIC-8_3.9x4.9mm_P1.27mm,Texas Instruments,,https://www.ti.com/lit/ds/symlink/tl072.pdf,block-6-mix,half A = unused (per-band tilt moved to svf U82-84); fixed BP output polarity-restore inverter (G=−1) half B
audio,U28,IC,1,THAT340S14-U,,SOIC-14,POGO_Package_SO:SOIC-14_3.9x8.7mm_P1.27mm,THAT Corporation,,https://thatcorp.com/datashts/THAT_300-Series_Datasheet.pdf,block-6-svf1,BP1 expo converter
audio,U29,IC,1,THAT340S14-U,,SOIC-14,POGO_Package_SO:SOIC-14_3.9x8.7mm_P1.27mm,THAT Corporation,,https://thatcorp.com/datashts/THAT_300-Series_Datasheet.pdf,block-6-svf2,BP2 expo converter
audio,U30,IC,1,THAT340S14-U,,SOIC-14,POGO_Package_SO:SOIC-14_3.9x8.7mm_P1.27mm,THAT Corporation,,https://thatcorp.com/datashts/THAT_300-Series_Datasheet.pdf,block-6-svf3,BP3 expo converter
audio,U82,IC,1,TL072CDT,,SOIC-8,POGO_Package_SO:SOIC-8_3.9x4.9mm_P1.27mm,Texas Instruments,,https://www.ti.com/lit/ds/symlink/tl072.pdf,block-6-svf1,per-band TILT summer+inverter
audio,U83,IC,1,TL072CDT,,SOIC-8,POGO_Package_SO:SOIC-8_3.9x4.9mm_P1.27mm,Texas Instruments,,https://www.ti.com/lit/ds/symlink/tl072.pdf,block-6-svf2,per-band TILT summer+inverter
audio,U84,IC,1,TL072CDT,,SOIC-8,POGO_Package_SO:SOIC-8_3.9x4.9mm_P1.27mm,Texas Instruments,,https://www.ti.com/lit/ds/symlink/tl072.pdf,block-6-svf3,per-band TILT summer+inverter
audio,U31,IC,1,CD4053BM,,SOIC-16,POGO_Package_SO:SOIC-16_3.9x9.9mm_P1.27mm,Texas Instruments,,https://www.ti.com/lit/ds/symlink/cd4053b.pdf,block-6-dist1,BP1 distortion mux (SC/HC/WF select)
audio,U32,IC,1,CD4053BM,,SOIC-16,POGO_Package_SO:SOIC-16_3.9x9.9mm_P1.27mm,Texas Instruments,,https://www.ti.com/lit/ds/symlink/cd4053b.pdf,block-6-dist2,BP2 distortion mux
audio,U33,IC,1,CD4053BM,,SOIC-16,POGO_Package_SO:SOIC-16_3.9x9.9mm_P1.27mm,Texas Instruments,,https://www.ti.com/lit/ds/symlink/cd4053b.pdf,block-6-dist3,BP3 distortion mux
audio,U34,IC,1,TL072CDT,,SOIC-8,POGO_Package_SO:SOIC-8_3.9x4.9mm_P1.27mm,Texas Instruments,,https://www.ti.com/lit/ds/symlink/tl072.pdf,block-6-dist1,SC gain amp BP1_L (half A = SC amp; half B = HC amp)
audio,U35,IC,1,TL072CDT,,SOIC-8,POGO_Package_SO:SOIC-8_3.9x4.9mm_P1.27mm,Texas Instruments,,https://www.ti.com/lit/ds/symlink/tl072.pdf,block-6-dist1,SC gain amp BP1_R (half A = SC amp; half B = HC amp)
audio,U36,IC,1,TL072CDT,,SOIC-8,POGO_Package_SO:SOIC-8_3.9x4.9mm_P1.27mm,Texas Instruments,,https://www.ti.com/lit/ds/symlink/tl072.pdf,block-6-dist2,SC gain amp BP2_L (half A = SC amp; half B = HC amp)
audio,U37,IC,1,TL072CDT,,SOIC-8,POGO_Package_SO:SOIC-8_3.9x4.9mm_P1.27mm,Texas Instruments,,https://www.ti.com/lit/ds/symlink/tl072.pdf,block-6-dist2,SC gain amp BP2_R (half A = SC amp; half B = HC amp)
audio,U38,IC,1,TL072CDT,,SOIC-8,POGO_Package_SO:SOIC-8_3.9x4.9mm_P1.27mm,Texas Instruments,,https://www.ti.com/lit/ds/symlink/tl072.pdf,block-6-dist3,SC gain amp BP3_L (half A = SC amp; half B = HC amp)
audio,U39,IC,1,TL072CDT,,SOIC-8,POGO_Package_SO:SOIC-8_3.9x4.9mm_P1.27mm,Texas Instruments,,https://www.ti.com/lit/ds/symlink/tl072.pdf,block-6-dist3,SC gain amp BP3_R (half A = SC amp; half B = HC amp)
audio,U40,IC,1,TL072CDT,,SOIC-8,POGO_Package_SO:SOIC-8_3.9x4.9mm_P1.27mm,Texas Instruments,,https://www.ti.com/lit/ds/symlink/tl072.pdf,block-6-dist1,WF amps BP1_L (half A = pre-gain; half B = symmetric folder G=+2)
audio,U41,IC,1,TL072CDT,,SOIC-8,POGO_Package_SO:SOIC-8_3.9x4.9mm_P1.27mm,Texas Instruments,,https://www.ti.com/lit/ds/symlink/tl072.pdf,block-6-dist1,WF amps BP1_R (half A = pre-gain; half B = symmetric folder G=+2)
audio,U42,IC,1,TL072CDT,,SOIC-8,POGO_Package_SO:SOIC-8_3.9x4.9mm_P1.27mm,Texas Instruments,,https://www.ti.com/lit/ds/symlink/tl072.pdf,block-6-dist2,WF amps BP2_L (half A = pre-gain; half B = symmetric folder G=+2)
audio,U43,IC,1,TL072CDT,,SOIC-8,POGO_Package_SO:SOIC-8_3.9x4.9mm_P1.27mm,Texas Instruments,,https://www.ti.com/lit/ds/symlink/tl072.pdf,block-6-dist2,WF amps BP2_R (half A = pre-gain; half B = symmetric folder G=+2)
audio,U44,IC,1,TL072CDT,,SOIC-8,POGO_Package_SO:SOIC-8_3.9x4.9mm_P1.27mm,Texas Instruments,,https://www.ti.com/lit/ds/symlink/tl072.pdf,block-6-dist3,WF amps BP3_L (half A = pre-gain; half B = symmetric folder G=+2)
audio,U45,IC,1,TL072CDT,,SOIC-8,POGO_Package_SO:SOIC-8_3.9x4.9mm_P1.27mm,Texas Instruments,,https://www.ti.com/lit/ds/symlink/tl072.pdf,block-6-dist3,WF amps BP3_R (half A = pre-gain; half B = symmetric folder G=+2)
audio,U85,IC,1,THAT2180AL08-U,,SIP-8,POGO_Package_SIP:SIP-8_2.54mm,THAT Corporation,,https://www.thatcorp.com/datashts/THAT_2180-Series_Datasheet.pdf,block-6-dist1,"BP1 DRIVE VCA L (dB-law, current-in/out); 8-pin SIP (THT)"
audio,U86,IC,1,THAT2180AL08-U,,SIP-8,POGO_Package_SIP:SIP-8_2.54mm,THAT Corporation,,https://www.thatcorp.com/datashts/THAT_2180-Series_Datasheet.pdf,block-6-dist1,"BP1 DRIVE VCA R (dB-law, current-in/out); 8-pin SIP (THT)"
audio,U87,IC,1,THAT2180AL08-U,,SIP-8,POGO_Package_SIP:SIP-8_2.54mm,THAT Corporation,,https://www.thatcorp.com/datashts/THAT_2180-Series_Datasheet.pdf,block-6-dist2,"BP2 DRIVE VCA L (dB-law, current-in/out); 8-pin SIP (THT)"
audio,U88,IC,1,THAT2180AL08-U,,SIP-8,POGO_Package_SIP:SIP-8_2.54mm,THAT Corporation,,https://www.thatcorp.com/datashts/THAT_2180-Series_Datasheet.pdf,block-6-dist2,"BP2 DRIVE VCA R (dB-law, current-in/out); 8-pin SIP (THT)"
audio,U89,IC,1,THAT2180AL08-U,,SIP-8,POGO_Package_SIP:SIP-8_2.54mm,THAT Corporation,,https://www.thatcorp.com/datashts/THAT_2180-Series_Datasheet.pdf,block-6-dist3,"BP3 DRIVE VCA L (dB-law, current-in/out); 8-pin SIP (THT)"
audio,U90,IC,1,THAT2180AL08-U,,SIP-8,POGO_Package_SIP:SIP-8_2.54mm,THAT Corporation,,https://www.thatcorp.com/datashts/THAT_2180-Series_Datasheet.pdf,block-6-dist3,"BP3 DRIVE VCA R (dB-law, current-in/out); 8-pin SIP (THT)"
audio,U91,IC,1,TL074CDT,,SOIC-14,POGO_Package_SO:SOIC-14_3.9x8.7mm_P1.27mm,Texas Instruments,,https://www.ti.com/lit/ds/symlink/tl074.pdf,block-6-dist1,"BP1 DRIVE support: A=L I/V, B=R I/V, C=drive-control summer, D=spare unity buffer"
audio,U92,IC,1,TL074CDT,,SOIC-14,POGO_Package_SO:SOIC-14_3.9x8.7mm_P1.27mm,Texas Instruments,,https://www.ti.com/lit/ds/symlink/tl074.pdf,block-6-dist2,"BP2 DRIVE support: A=L I/V, B=R I/V, C=drive-control summer, D=spare unity buffer"
audio,U93,IC,1,TL074CDT,,SOIC-14,POGO_Package_SO:SOIC-14_3.9x8.7mm_P1.27mm,Texas Instruments,,https://www.ti.com/lit/ds/symlink/tl074.pdf,block-6-dist3,"BP3 DRIVE support: A=L I/V, B=R I/V, C=drive-control summer, D=spare unity buffer"
audio,RV51,Trimpot/Pot,1,3224W-1-xxx,500Ω,SMD,POGO_Potentiometer_SMD:Potentiometer_Bourns_3224W,Bourns,,https://www.bourns.com/docs/Product-Datasheets/3224.pdf,block-6-dist1,BP1 DRIVE VCA L unity-gain trim (Ec+ offset)
audio,RV52,Trimpot/Pot,1,3224W-1-xxx,500Ω,SMD,POGO_Potentiometer_SMD:Potentiometer_Bourns_3224W,Bourns,,https://www.bourns.com/docs/Product-Datasheets/3224.pdf,block-6-dist1,BP1 DRIVE VCA R unity-gain trim (Ec+ offset)
audio,RV53,Trimpot/Pot,1,3224W-1-xxx,500Ω,SMD,POGO_Potentiometer_SMD:Potentiometer_Bourns_3224W,Bourns,,https://www.bourns.com/docs/Product-Datasheets/3224.pdf,block-6-dist2,BP2 DRIVE VCA L unity-gain trim (Ec+ offset)
audio,RV54,Trimpot/Pot,1,3224W-1-xxx,500Ω,SMD,POGO_Potentiometer_SMD:Potentiometer_Bourns_3224W,Bourns,,https://www.bourns.com/docs/Product-Datasheets/3224.pdf,block-6-dist2,BP2 DRIVE VCA R unity-gain trim (Ec+ offset)
audio,RV55,Trimpot/Pot,1,3224W-1-xxx,500Ω,SMD,POGO_Potentiometer_SMD:Potentiometer_Bourns_3224W,Bourns,,https://www.bourns.com/docs/Product-Datasheets/3224.pdf,block-6-dist3,BP3 DRIVE VCA L unity-gain trim (Ec+ offset)
audio,RV56,Trimpot/Pot,1,3224W-1-xxx,500Ω,SMD,POGO_Potentiometer_SMD:Potentiometer_Bourns_3224W,Bourns,,https://www.bourns.com/docs/Product-Datasheets/3224.pdf,block-6-dist3,BP3 DRIVE VCA R unity-gain trim (Ec+ offset)
audio,R153,Resistor,1,,20kΩ,0603,,,,,block-6-dist1,BP1 DRIVE R_in L (V→I into U85 Input)
audio,R154,Resistor,1,,20kΩ,0603,,,,,block-6-dist1,BP1 DRIVE R_in R (into U86 Input)
audio,R155,Resistor,1,,20kΩ,0603,,,,,block-6-dist1,"BP1 DRIVE R_f L (I/V feedback; unity at 0 dB, inverting)"
audio,R156,Resistor,1,,20kΩ,0603,,,,,block-6-dist1,BP1 DRIVE R_f R (I/V feedback)
audio,R157,Resistor,1,,100kΩ,0603,,,,,block-6-dist1,BP1 drive summer: DRIVE-knob input (Phase-3R scaling)
audio,R158,Resistor,1,,100kΩ,0603,,,,,block-6-dist1,BP1 drive summer: DRIVE-CV input (MOD_BP1_DIST)
audio,R159,Resistor,1,,100kΩ,0603,,,,,block-6-dist1,BP1 drive summer: bias input (knob=0.20 ≈ 0 dB unity; Phase-3R)
audio,R160,Resistor,1,,100kΩ,0603,,,,,block-6-dist1,BP1 drive summer: feedback
audio,R161,Resistor,1,,20kΩ,0603,,,,,block-6-dist2,BP2 DRIVE R_in L (V→I into U87 Input)
audio,R162,Resistor,1,,20kΩ,0603,,,,,block-6-dist2,BP2 DRIVE R_in R (into U88 Input)
audio,R163,Resistor,1,,20kΩ,0603,,,,,block-6-dist2,BP2 DRIVE R_f L (I/V feedback)
audio,R164,Resistor,1,,20kΩ,0603,,,,,block-6-dist2,BP2 DRIVE R_f R (I/V feedback)
audio,R165,Resistor,1,,100kΩ,0603,,,,,block-6-dist2,BP2 drive summer: DRIVE-knob input (Phase-3R scaling)
audio,R166,Resistor,1,,100kΩ,0603,,,,,block-6-dist2,BP2 drive summer: DRIVE-CV input (MOD_BP2_DIST)
audio,R167,Resistor,1,,100kΩ,0603,,,,,block-6-dist2,BP2 drive summer: bias input (Phase-3R)
audio,R168,Resistor,1,,100kΩ,0603,,,,,block-6-dist2,BP2 drive summer: feedback
audio,R169,Resistor,1,,20kΩ,0603,,,,,block-6-dist3,BP3 DRIVE R_in L (V→I into U89 Input)
audio,R170,Resistor,1,,20kΩ,0603,,,,,block-6-dist3,BP3 DRIVE R_in R (into U90 Input)
audio,R171,Resistor,1,,20kΩ,0603,,,,,block-6-dist3,BP3 DRIVE R_f L (I/V feedback)
audio,R172,Resistor,1,,20kΩ,0603,,,,,block-6-dist3,BP3 DRIVE R_f R (I/V feedback)
audio,R173,Resistor,1,,100kΩ,0603,,,,,block-6-dist3,BP3 drive summer: DRIVE-knob input (Phase-3R scaling)
audio,R174,Resistor,1,,100kΩ,0603,,,,,block-6-dist3,BP3 drive summer: DRIVE-CV input (MOD_BP3_DIST)
audio,R175,Resistor,1,,100kΩ,0603,,,,,block-6-dist3,BP3 drive summer: bias input (Phase-3R)
audio,R176,Resistor,1,,100kΩ,0603,,,,,block-6-dist3,BP3 drive summer: feedback
audio,C110_U85p,Capacitor,1,,100nF,0603,,,,,block-6-dist1,U85 (BP1 DRIVE VCA L) V+ decoupling
audio,C110_U85n,Capacitor,1,,100nF,0603,,,,,block-6-dist1,U85 V− decoupling
audio,C110_U86p,Capacitor,1,,100nF,0603,,,,,block-6-dist1,U86 (BP1 DRIVE VCA R) V+ decoupling
audio,C110_U86n,Capacitor,1,,100nF,0603,,,,,block-6-dist1,U86 V− decoupling
audio,C110_U91p,Capacitor,1,,100nF,0603,,,,,block-6-dist1,U91 (BP1 DRIVE TL074) +12V decoupling
audio,C110_U91n,Capacitor,1,,100nF,0603,,,,,block-6-dist1,U91 −12V decoupling
audio,C110_U87p,Capacitor,1,,100nF,0603,,,,,block-6-dist2,U87 (BP2 DRIVE VCA L) V+ decoupling
audio,C110_U87n,Capacitor,1,,100nF,0603,,,,,block-6-dist2,U87 V− decoupling
audio,C110_U88p,Capacitor,1,,100nF,0603,,,,,block-6-dist2,U88 (BP2 DRIVE VCA R) V+ decoupling
audio,C110_U88n,Capacitor,1,,100nF,0603,,,,,block-6-dist2,U88 V− decoupling
audio,C110_U92p,Capacitor,1,,100nF,0603,,,,,block-6-dist2,U92 (BP2 DRIVE TL074) +12V decoupling
audio,C110_U92n,Capacitor,1,,100nF,0603,,,,,block-6-dist2,U92 −12V decoupling
audio,C110_U89p,Capacitor,1,,100nF,0603,,,,,block-6-dist3,U89 (BP3 DRIVE VCA L) V+ decoupling
audio,C110_U89n,Capacitor,1,,100nF,0603,,,,,block-6-dist3,U89 V− decoupling
audio,C110_U90p,Capacitor,1,,100nF,0603,,,,,block-6-dist3,U90 (BP3 DRIVE VCA R) V+ decoupling
audio,C110_U90n,Capacitor,1,,100nF,0603,,,,,block-6-dist3,U90 V− decoupling
audio,C110_U93p,Capacitor,1,,100nF,0603,,,,,block-6-dist3,U93 (BP3 DRIVE TL074) +12V decoupling
audio,C110_U93n,Capacitor,1,,100nF,0603,,,,,block-6-dist3,U93 −12V decoupling
audio,U46,IC,1,TL072CDT,,SOIC-8,POGO_Package_SO:SOIC-8_3.9x4.9mm_P1.27mm,Texas Instruments,,https://www.ti.com/lit/ds/symlink/tl072.pdf,block-6-mix,BP wet summer half A = L (BP1+BP2+BP3 inv sum); half B = MIX crossfade L
audio,U47,IC,1,TL072CDT,,SOIC-8,POGO_Package_SO:SOIC-8_3.9x4.9mm_P1.27mm,Texas Instruments,,https://www.ti.com/lit/ds/symlink/tl072.pdf,block-6-mix,BP wet summer half A = R; half B = MIX crossfade R
audio,U48,IC,1,TL072CDT,,SOIC-8,POGO_Package_SO:SOIC-8_3.9x4.9mm_P1.27mm,Texas Instruments,,https://www.ti.com/lit/ds/symlink/tl072.pdf,block-6-mix,BP wet polarity restore: half A = V_wet_inv→V_wet_pos (L); half B = V_wet_inv→V_wet_pos (R)
audio,RV7,Trimpot/Pot,1,3224W-1-xxx,500kΩ,SMD,POGO_Potentiometer_SMD:Potentiometer_Bourns_3224W,Bourns,,https://www.bourns.com/docs/Product-Datasheets/3224.pdf,block-6-svf1,BP1 f_ref trim rheostat; in series with R_IREF_A 1MΩ; target 200 Hz at 0V; ±25% range
audio,RV8,Trimpot/Pot,1,3224W-1-xxx,20kΩ,SMD,POGO_Potentiometer_SMD:Potentiometer_Bourns_3224W,Bourns,,https://www.bourns.com/docs/Product-Datasheets/3224.pdf,block-6-svf1,BP1 1V/oct tracking trim; ±10% range
audio,RV9,Trimpot/Pot,1,,,SMD,,,,,block-6-svf1,BP1 Q_max trim (Iabc V_bias)
audio,RV10,Trimpot/Pot,1,3224W-1-xxx,500kΩ,SMD,POGO_Potentiometer_SMD:Potentiometer_Bourns_3224W,Bourns,,https://www.bourns.com/docs/Product-Datasheets/3224.pdf,block-6-svf2,BP2 f_ref trim rheostat; in series with R_IREF_A 1MΩ; target 1500 Hz at 0V; ±25% range
audio,RV11,Trimpot/Pot,1,3224W-1-xxx,20kΩ,SMD,POGO_Potentiometer_SMD:Potentiometer_Bourns_3224W,Bourns,,https://www.bourns.com/docs/Product-Datasheets/3224.pdf,block-6-svf2,BP2 1V/oct tracking trim; ±10% range
audio,RV12,Trimpot/Pot,1,,,SMD,,,,,block-6-svf2,BP2 Q_max trim
audio,RV13,Trimpot/Pot,1,3224W-1-xxx,500kΩ,SMD,POGO_Potentiometer_SMD:Potentiometer_Bourns_3224W,Bourns,,https://www.bourns.com/docs/Product-Datasheets/3224.pdf,block-6-svf3,BP3 f_ref trim rheostat; in series with R_IREF_A 1MΩ; target 6000 Hz at 0V; ±25% range
audio,RV14,Trimpot/Pot,1,3224W-1-xxx,20kΩ,SMD,POGO_Potentiometer_SMD:Potentiometer_Bourns_3224W,Bourns,,https://www.bourns.com/docs/Product-Datasheets/3224.pdf,block-6-svf3,BP3 1V/oct tracking trim; ±10% range
audio,RV15,Trimpot/Pot,1,,,SMD,,,,,block-6-svf3,BP3 Q_max trim
audio,D4,Diode,8,1N4148W,,SOD-123,POGO_Diode_SMD:D_SOD-123,Diodes Inc.,,https://www.diodes.com/assets/Datasheets/ds30086.pdf,block-6-dist1,SC soft-clip diodes; 4 per path (2 antiparallel pairs) × 6 paths
audio,D4,Diode,8,1N4148W,,SOD-123,POGO_Diode_SMD:D_SOD-123,Diodes Inc.,,https://www.diodes.com/assets/Datasheets/ds30086.pdf,block-6-dist2,SC soft-clip diodes; 4 per path (2 antiparallel pairs) × 6 paths
audio,D4,Diode,8,1N4148W,,SOD-123,POGO_Diode_SMD:D_SOD-123,Diodes Inc.,,https://www.diodes.com/assets/Datasheets/ds30086.pdf,block-6-dist3,SC soft-clip diodes; 4 per path (2 antiparallel pairs) × 6 paths
audio,D5,Diode,4,BZX84C5V1,,SOT-23,POGO_Package_TO_SOT_SMD:SOT-23,Nexperia,,https://assets.nexperia.com/documents/data-sheet/BZX84_SER.pdf,block-6-dist1,HC back-to-back zener clamps (±5.8V clip); 2 per path × 6 paths
audio,D5,Diode,4,BZX84C5V1,,SOT-23,POGO_Package_TO_SOT_SMD:SOT-23,Nexperia,,https://assets.nexperia.com/documents/data-sheet/BZX84_SER.pdf,block-6-dist2,HC back-to-back zener clamps (±5.8V clip); 2 per path × 6 paths
audio,D5,Diode,4,BZX84C5V1,,SOT-23,POGO_Package_TO_SOT_SMD:SOT-23,Nexperia,,https://assets.nexperia.com/documents/data-sheet/BZX84_SER.pdf,block-6-dist3,HC back-to-back zener clamps (±5.8V clip); 2 per path × 6 paths
audio,D6,Diode,8,1N4148W,,SOD-123,POGO_Diode_SMD:D_SOD-123,Diodes Inc.,,https://www.diodes.com/assets/Datasheets/ds30086.pdf,block-6-dist1,"WF passive clamp diodes; 4 per path (2 per polarity, Vth=±1.4V) × 6 paths; true symmetric fold"
audio,D6,Diode,8,1N4148W,,SOD-123,POGO_Diode_SMD:D_SOD-123,Diodes Inc.,,https://www.diodes.com/assets/Datasheets/ds30086.pdf,block-6-dist2,"WF passive clamp diodes; 4 per path (2 per polarity, Vth=±1.4V) × 6 paths; true symmetric fold"
audio,D6,Diode,8,1N4148W,,SOD-123,POGO_Diode_SMD:D_SOD-123,Diodes Inc.,,https://www.diodes.com/assets/Datasheets/ds30086.pdf,block-6-dist3,"WF passive clamp diodes; 4 per path (2 per polarity, Vth=±1.4V) × 6 paths; true symmetric fold"
audio,D7,Diode,1,BZX84C5V1,,SOT-23,POGO_Package_TO_SOT_SMD:SOT-23,Nexperia,,https://assets.nexperia.com/documents/data-sheet/BZX84_SER.pdf,block-6-mix,CD4053 logic supply 5.1V zener shunt (from +12V with R_5V_logic)
audio,C15,Capacitor,4,,68nF,0805,,,,,block-6-svf1,BP1 integrator caps (C0G; f_ref=400Hz via trim; 2 per channel × L+R)
audio,C19,Capacitor,4,,68nF,0805,,,,,block-6-svf2,BP2 integrator caps (C0G; f_ref=400Hz; 2 per channel × L+R)
audio,C23,Capacitor,4,,68nF,0805,,,,,block-6-svf3,BP3 integrator caps (C0G; f_ref=400Hz; 2 per channel × L+R)
audio,C27,Capacitor,1,,10µF,0603,,,,,block-6-mix,CD4053 logic supply bulk bypass (electrolytic or ceramic)
audio,C28,Capacitor,1,,100nF,0603,,,,,block-6-mix,CD4053 logic supply HF bypass
audio,R12,Resistor,4,,1kΩ,0603,,,,,block-6-svf1,OTA linearizing R; 1 per OTA cell × 2 cells × 6 LM13700 ICs (U15–U20)
audio,R12,Resistor,4,,1kΩ,0603,,,,,block-6-svf2,OTA linearizing R; 1 per OTA cell × 2 cells × 6 LM13700 ICs (U15–U20)
audio,R12,Resistor,4,,1kΩ,0603,,,,,block-6-svf3,OTA linearizing R; 1 per OTA cell × 2 cells × 6 LM13700 ICs (U15–U20)
audio,R13,Resistor,2,,100kΩ,0603,,,,,block-6-svf1,SVF SUM_AMP R_in; 1 per group per channel (U21–U26 half A)
audio,R13,Resistor,2,,100kΩ,0603,,,,,block-6-svf2,SVF SUM_AMP R_in; 1 per group per channel (U21–U26 half A)
audio,R13,Resistor,2,,100kΩ,0603,,,,,block-6-svf3,SVF SUM_AMP R_in; 1 per group per channel (U21–U26 half A)
audio,R14,Resistor,2,,100kΩ,0603,,,,,block-6-svf1,SVF SUM_AMP R_fb; 1 per group per channel
audio,R14,Resistor,2,,100kΩ,0603,,,,,block-6-svf2,SVF SUM_AMP R_fb; 1 per group per channel
audio,R14,Resistor,2,,100kΩ,0603,,,,,block-6-svf3,SVF SUM_AMP R_fb; 1 per group per channel
audio,R15,Resistor,2,,100kΩ,0603,,,,,block-6-svf1,SVF SUM_AMP R_Q input; 1 per group per channel
audio,R15,Resistor,2,,100kΩ,0603,,,,,block-6-svf2,SVF SUM_AMP R_Q input; 1 per group per channel
audio,R15,Resistor,2,,100kΩ,0603,,,,,block-6-svf3,SVF SUM_AMP R_Q input; 1 per group per channel
audio,R17,Resistor,2,,100kΩ,0603,,,,,block-6-mix,BP output polarity-restore inverter R_in + R_fb in U27 half B
audio,R18,Resistor,2,,10kΩ,0603,,,,,block-6-dist1,R_SC_in; SC path input R; 1 per path × 6 paths
audio,R18,Resistor,2,,10kΩ,0603,,,,,block-6-dist2,R_SC_in; SC path input R; 1 per path × 6 paths
audio,R18,Resistor,2,,10kΩ,0603,,,,,block-6-dist3,R_SC_in; SC path input R; 1 per path × 6 paths
audio,R19,Resistor,2,,10kΩ,0603,,,,,block-6-dist1,R_SC_fb_fixed; SC minimum feedback R (G≥1× at zero drive)
audio,R19,Resistor,2,,10kΩ,0603,,,,,block-6-dist2,R_SC_fb_fixed; SC minimum feedback R (G≥1× at zero drive)
audio,R19,Resistor,2,,10kΩ,0603,,,,,block-6-dist3,R_SC_fb_fixed; SC minimum feedback R (G≥1× at zero drive)
audio,R20,Resistor,2,,10kΩ,0603,,,,,block-6-dist1,R_HC_in; HC path input R; 1 per path × 6 paths
audio,R20,Resistor,2,,10kΩ,0603,,,,,block-6-dist2,R_HC_in; HC path input R; 1 per path × 6 paths
audio,R20,Resistor,2,,10kΩ,0603,,,,,block-6-dist3,R_HC_in; HC path input R; 1 per path × 6 paths
audio,R21,Resistor,2,,10kΩ,0603,,,,,block-6-dist1,R_HC_fb_fixed; HC minimum feedback R
audio,R21,Resistor,2,,10kΩ,0603,,,,,block-6-dist2,R_HC_fb_fixed; HC minimum feedback R
audio,R21,Resistor,2,,10kΩ,0603,,,,,block-6-dist3,R_HC_fb_fixed; HC minimum feedback R
audio,R22,Resistor,2,,10kΩ,0603,,,,,block-6-dist1,R_WF_in; WF pre-gain input R; 1 per path × 6 paths
audio,R22,Resistor,2,,10kΩ,0603,,,,,block-6-dist2,R_WF_in; WF pre-gain input R; 1 per path × 6 paths
audio,R22,Resistor,2,,10kΩ,0603,,,,,block-6-dist3,R_WF_in; WF pre-gain input R; 1 per path × 6 paths
audio,R23,Resistor,2,,10kΩ,0603,,,,,block-6-dist1,R_WF_fb_fixed; WF pre-gain minimum feedback R
audio,R23,Resistor,2,,10kΩ,0603,,,,,block-6-dist2,R_WF_fb_fixed; WF pre-gain minimum feedback R
audio,R23,Resistor,2,,10kΩ,0603,,,,,block-6-dist3,R_WF_fb_fixed; WF pre-gain minimum feedback R
audio,R24,Resistor,2,,10kΩ,0603,,,,,block-6-dist1,R_clamp; WF passive clamp series R (limits diode current at threshold)
audio,R24,Resistor,2,,10kΩ,0603,,,,,block-6-dist2,R_clamp; WF passive clamp series R (limits diode current at threshold)
audio,R24,Resistor,2,,10kΩ,0603,,,,,block-6-dist3,R_clamp; WF passive clamp series R (limits diode current at threshold)
audio,R25,Resistor,2,,10kΩ,0603,,,,,block-6-dist1,R_g; WF folder (−) input R (was R_fold 10kΩ; value unchanged)
audio,R25,Resistor,2,,10kΩ,0603,,,,,block-6-dist2,R_g; WF folder (−) input R (was R_fold 10kΩ; value unchanged)
audio,R25,Resistor,2,,10kΩ,0603,,,,,block-6-dist3,R_g; WF folder (−) input R (was R_fold 10kΩ; value unchanged)
audio,R_f_wf,Resistor,2,,10kΩ,0603,,,,,block-6-dist1,R_f; WF folder feedback R; R_g=R_f → gain +2 at (+) input
audio,R_f_wf,Resistor,2,,10kΩ,0603,,,,,block-6-dist2,R_f; WF folder feedback R; R_g=R_f → gain +2 at (+) input
audio,R_f_wf,Resistor,2,,10kΩ,0603,,,,,block-6-dist3,R_f; WF folder feedback R; R_g=R_f → gain +2 at (+) input
audio,C_WF,Capacitor,4,,47pF,0603,,,,,block-6-dist1,"RV_DRIVE wiper bypass cap (anti-RF, anti-scratchiness); 1 per path × 6 paths"
audio,C_WF,Capacitor,4,,47pF,0603,,,,,block-6-dist2,"RV_DRIVE wiper bypass cap (anti-RF, anti-scratchiness); 1 per path × 6 paths"
audio,C_WF,Capacitor,4,,47pF,0603,,,,,block-6-dist3,"RV_DRIVE wiper bypass cap (anti-RF, anti-scratchiness); 1 per path × 6 paths"
audio,R26,Resistor,8,,33kΩ,0603,,,,,block-6-mix,R_sum; BP wet summer input R; 3 inputs + 1 fb per channel × 2 ch (U46/U47 half A)
audio,R27,Resistor,2,,100kΩ,0603,,,,,block-6-mix,R_dry; MIX dry path input R (L and R; in U46/U47 half B)
audio,R28,Resistor,2,,100kΩ,0603,,,,,block-6-mix,R_mix_f; MIX crossfade feedback R (L and R)
audio,R29,Resistor,1,,1kΩ,0603,,,,,block-6-mix,R_5V_logic; series R from +12V to D7 zener shunt (5.1V logic rail for CD4053)
audio,U67,IC,1,LM13700M,,SOIC-16,POGO_Package_SO:SOIC-16_3.9x9.9mm_P1.27mm,Texas Instruments,,https://www.ti.com/lit/ds/symlink/lm13700.pdf,block-6-svf1,"BP1 Q VCA (cell A = L Q, cell B = R Q)"
audio,U68,IC,1,LM13700M,,SOIC-16,POGO_Package_SO:SOIC-16_3.9x9.9mm_P1.27mm,Texas Instruments,,https://www.ti.com/lit/ds/symlink/lm13700.pdf,block-6-svf2,"BP2 Q VCA (cell A = L Q, cell B = R Q)"
audio,U69,IC,1,LM13700M,,SOIC-16,POGO_Package_SO:SOIC-16_3.9x9.9mm_P1.27mm,Texas Instruments,,https://www.ti.com/lit/ds/symlink/lm13700.pdf,block-6-svf3,"BP3 Q VCA (cell A = L Q, cell B = R Q)"
audio,U70,IC,1,THAT340S14-U,,SOIC-14,POGO_Package_SO:SOIC-14_3.9x8.7mm_P1.27mm,THAT Corporation,,https://thatcorp.com/datashts/THAT_300-Series_Datasheet.pdf,block-6-svf1,BP1 expo converter R channel (per-channel tilt; U28 = L)
audio,U71,IC,1,THAT340S14-U,,SOIC-14,POGO_Package_SO:SOIC-14_3.9x8.7mm_P1.27mm,THAT Corporation,,https://thatcorp.com/datashts/THAT_300-Series_Datasheet.pdf,block-6-svf2,BP2 expo converter R channel (U29 = L)
audio,U72,IC,1,THAT340S14-U,,SOIC-14,POGO_Package_SO:SOIC-14_3.9x8.7mm_P1.27mm,THAT Corporation,,https://thatcorp.com/datashts/THAT_300-Series_Datasheet.pdf,block-6-svf3,BP3 expo converter R channel (U30 = L)
audio,U73,IC,1,TL072CDT,,SOIC-8,POGO_Package_SO:SOIC-8_3.9x4.9mm_P1.27mm,Texas Instruments,,https://www.ti.com/lit/ds/symlink/tl072.pdf,"block-6-svf1, block-6-svf2",BP Q IRES_AMP: BP1 (half A) + BP2 (half B)
audio,U74,IC,1,TL072CDT,,SOIC-8,POGO_Package_SO:SOIC-8_3.9x4.9mm_P1.27mm,Texas Instruments,,https://www.ti.com/lit/ds/symlink/tl072.pdf,block-6-svf3,BP Q IRES_AMP: BP3 (half A); half B spare
audio,R116,Resistor,2,,1MΩ,0603,,,,,block-6-svf1,R_Iabc_Q: V_ires → BP Q OTA Iabc; 1 per group per channel
audio,R116,Resistor,2,,1MΩ,0603,,,,,block-6-svf2,R_Iabc_Q: V_ires → BP Q OTA Iabc; 1 per group per channel
audio,R116,Resistor,2,,1MΩ,0603,,,,,block-6-svf3,R_Iabc_Q: V_ires → BP Q OTA Iabc; 1 per group per channel
audio,R117,Resistor,1,,100kΩ,0603,,,,,block-6-svf1,R_QBIAS: BP Q IRES_AMP V_bias input; 1 per group
audio,R117,Resistor,1,,100kΩ,0603,,,,,block-6-svf2,R_QBIAS: BP Q IRES_AMP V_bias input; 1 per group
audio,R117,Resistor,1,,100kΩ,0603,,,,,block-6-svf3,R_QBIAS: BP Q IRES_AMP V_bias input; 1 per group
audio,R118,Resistor,1,,100kΩ,0603,,,,,block-6-svf1,R_QINV: BP Q IRES_AMP FOCUS CV input; 1 per group
audio,R118,Resistor,1,,100kΩ,0603,,,,,block-6-svf2,R_QINV: BP Q IRES_AMP FOCUS CV input; 1 per group
audio,R118,Resistor,1,,100kΩ,0603,,,,,block-6-svf3,R_QINV: BP Q IRES_AMP FOCUS CV input; 1 per group
audio,R119,Resistor,1,,100kΩ,0603,,,,,block-6-svf1,R_f_q: BP Q IRES_AMP feedback; 1 per group
audio,R119,Resistor,1,,100kΩ,0603,,,,,block-6-svf2,R_f_q: BP Q IRES_AMP feedback; 1 per group
audio,R119,Resistor,1,,100kΩ,0603,,,,,block-6-svf3,R_f_q: BP Q IRES_AMP feedback; 1 per group
audio,R120,Resistor,1,,1MΩ,0603,,,,,block-6-svf1,R_IREF_A_R: R-channel expo I_ref fixed R; 1 per group
audio,R120,Resistor,1,,1MΩ,0603,,,,,block-6-svf2,R_IREF_A_R: R-channel expo I_ref fixed R; 1 per group
audio,R120,Resistor,1,,1MΩ,0603,,,,,block-6-svf3,R_IREF_A_R: R-channel expo I_ref fixed R; 1 per group
audio,R121,Resistor,1,,47kΩ,0603,,,,,block-6-svf1,R_VOCT_R: R-channel expo V/oct scaling; 1 per group
audio,R121,Resistor,1,,47kΩ,0603,,,,,block-6-svf2,R_VOCT_R: R-channel expo V/oct scaling; 1 per group
audio,R121,Resistor,1,,47kΩ,0603,,,,,block-6-svf3,R_VOCT_R: R-channel expo V/oct scaling; 1 per group
audio,R122,Resistor,1,,1kΩ,0603,,,,,block-6-svf1,R_E_R: R-channel expo emitter degeneration; 1 per group
audio,R122,Resistor,1,,1kΩ,0603,,,,,block-6-svf2,R_E_R: R-channel expo emitter degeneration; 1 per group
audio,R122,Resistor,1,,1kΩ,0603,,,,,block-6-svf3,R_E_R: R-channel expo emitter degeneration; 1 per group
audio,R123,Resistor,4,,10kΩ,0603,,,,,block-6-svf1,R_BUF_PD: BP integrator Darlington buffer emitter pulldown to V-; 2 per group-channel
audio,R123,Resistor,4,,10kΩ,0603,,,,,block-6-svf2,R_BUF_PD: BP integrator Darlington buffer emitter pulldown to V-; 2 per group-channel
audio,R123,Resistor,4,,10kΩ,0603,,,,,block-6-svf3,R_BUF_PD: BP integrator Darlington buffer emitter pulldown to V-; 2 per group-channel
audio,D13,Diode,1,1N4148W,,SOD-123,POGO_Diode_SMD:D_SOD-123,Diodes Inc.,,https://www.diodes.com/assets/Datasheets/ds30086.pdf,block-6-svf1,D_IRES: BP Q V_ires ≥0 clamp; 1 per group
audio,D13,Diode,1,1N4148W,,SOD-123,POGO_Diode_SMD:D_SOD-123,Diodes Inc.,,https://www.diodes.com/assets/Datasheets/ds30086.pdf,block-6-svf2,D_IRES: BP Q V_ires ≥0 clamp; 1 per group
audio,D13,Diode,1,1N4148W,,SOD-123,POGO_Diode_SMD:D_SOD-123,Diodes Inc.,,https://www.diodes.com/assets/Datasheets/ds30086.pdf,block-6-svf3,D_IRES: BP Q V_ires ≥0 clamp; 1 per group
audio,C107,Capacitor,2,,10nF,0402,,,,,block-6-svf1,C_IABC_Q: BP Q-cell Iabc bypass; 1 per group per channel
audio,C107,Capacitor,2,,10nF,0402,,,,,block-6-svf2,C_IABC_Q: BP Q-cell Iabc bypass; 1 per group per channel
audio,C107,Capacitor,2,,10nF,0402,,,,,block-6-svf3,C_IABC_Q: BP Q-cell Iabc bypass; 1 per group per channel
audio,C108,Capacitor,2,,10nF,0402,,,,,block-6-svf1,C_IABC_INT: BP integrator OTA Iabc bypass; 1 per group per channel
audio,C108,Capacitor,2,,10nF,0402,,,,,block-6-svf2,C_IABC_INT: BP integrator OTA Iabc bypass; 1 per group per channel
audio,C108,Capacitor,2,,10nF,0402,,,,,block-6-svf3,C_IABC_INT: BP integrator OTA Iabc bypass; 1 per group per channel
audio,C109,Capacitor,2,,100nF,0603,,,,,block-6-svf1,C_IREF: expo I_ref node bypass; 1 per expo (6 expo: U28-30 L + U70-72 R)
audio,C109,Capacitor,2,,100nF,0603,,,,,block-6-svf2,C_IREF: expo I_ref node bypass; 1 per expo (6 expo: U28-30 L + U70-72 R)
audio,C109,Capacitor,2,,100nF,0603,,,,,block-6-svf3,C_IREF: expo I_ref node bypass; 1 per expo (6 expo: U28-30 L + U70-72 R)
audio,RV24,Trimpot/Pot,1,3224W-1-xxx,500kΩ,SMD,POGO_Potentiometer_SMD:Potentiometer_Bourns_3224W,Bourns,,https://www.bourns.com/docs/Product-Datasheets/3224.pdf,block-6-svf1,BP R-channel expo f_ref trim; 1 per group
audio,RV24,Trimpot/Pot,1,3224W-1-xxx,500kΩ,SMD,POGO_Potentiometer_SMD:Potentiometer_Bourns_3224W,Bourns,,https://www.bourns.com/docs/Product-Datasheets/3224.pdf,block-6-svf2,BP R-channel expo f_ref trim; 1 per group
audio,RV24,Trimpot/Pot,1,3224W-1-xxx,500kΩ,SMD,POGO_Potentiometer_SMD:Potentiometer_Bourns_3224W,Bourns,,https://www.bourns.com/docs/Product-Datasheets/3224.pdf,block-6-svf3,BP R-channel expo f_ref trim; 1 per group
audio,RV25,Trimpot/Pot,1,3224W-1-xxx,20kΩ,SMD,POGO_Potentiometer_SMD:Potentiometer_Bourns_3224W,Bourns,,https://www.bourns.com/docs/Product-Datasheets/3224.pdf,block-6-svf1,BP R-channel expo 1V/oct trim; 1 per group
audio,RV25,Trimpot/Pot,1,3224W-1-xxx,20kΩ,SMD,POGO_Potentiometer_SMD:Potentiometer_Bourns_3224W,Bourns,,https://www.bourns.com/docs/Product-Datasheets/3224.pdf,block-6-svf2,BP R-channel expo 1V/oct trim; 1 per group
audio,RV25,Trimpot/Pot,1,3224W-1-xxx,20kΩ,SMD,POGO_Potentiometer_SMD:Potentiometer_Bourns_3224W,Bourns,,https://www.bourns.com/docs/Product-Datasheets/3224.pdf,block-6-svf3,BP R-channel expo 1V/oct trim; 1 per group
audio,C110,Capacitor,16,,100nF,0603,,,,,block-6-svf1,"C_BYP: per-IC supply decoupling; 2 per IC × 45 block-6 ICs (U15-U48, U67-U77)"
audio,C110,Capacitor,14,,100nF,0603,,,,,block-6-svf2,"C_BYP: per-IC supply decoupling; 2 per IC × 45 block-6 ICs (U15-U48, U67-U77)"
audio,C110,Capacitor,16,,100nF,0603,,,,,block-6-svf3,"C_BYP: per-IC supply decoupling; 2 per IC × 45 block-6 ICs (U15-U48, U67-U77)"
audio,C110,Capacitor,12,,100nF,0603,,,,,block-6-dist1,"C_BYP: per-IC supply decoupling; 2 per IC × 45 block-6 ICs (U15-U48, U67-U77)"
audio,C110,Capacitor,12,,100nF,0603,,,,,block-6-dist2,"C_BYP: per-IC supply decoupling; 2 per IC × 45 block-6 ICs (U15-U48, U67-U77)"
audio,C110,Capacitor,14,,100nF,0603,,,,,block-6-dist3,C_BYP: per-IC supply decoupling; 2 per IC (incl. U81 BP3 selector)
audio,C110,Capacitor,8,,100nF,0603,,,,,block-6-mix,"C_BYP: per-IC supply decoupling; 2 per IC × 45 block-6 ICs (U15-U48, U67-U77)"
audio,C119,Capacitor,1,,100nF,0603,,,,,block-6-svf1,C_BYP: U82 V+ decoupling (BP1 TILT summer+inverter)
audio,C120,Capacitor,1,,100nF,0603,,,,,block-6-svf1,C_BYP: U82 V− decoupling (BP1 TILT summer+inverter)
audio,C121,Capacitor,1,,100nF,0603,,,,,block-6-svf2,C_BYP: U83 V+ decoupling (BP2 TILT summer+inverter)
audio,C122,Capacitor,1,,100nF,0603,,,,,block-6-svf2,C_BYP: U83 V− decoupling (BP2 TILT summer+inverter)
audio,C123,Capacitor,1,,100nF,0603,,,,,block-6-svf3,C_BYP: U84 V+ decoupling (BP3 TILT summer+inverter)
audio,C124,Capacitor,1,,100nF,0603,,,,,block-6-svf3,C_BYP: U84 V− decoupling (BP3 TILT summer+inverter)
audio,U75,IC,1,CD4053BM,,SOIC-16,POGO_Package_SO:SOIC-16_3.9x9.9mm_P1.27mm,Texas Instruments,,https://www.ti.com/lit/ds/symlink/cd4053b.pdf,block-6-dist1,"BP1 distortion mux 2 (stereo 1-of-3: U31=ch select stage 1, U75=stage 2)"
audio,U76,IC,1,CD4053BM,,SOIC-16,POGO_Package_SO:SOIC-16_3.9x9.9mm_P1.27mm,Texas Instruments,,https://www.ti.com/lit/ds/symlink/cd4053b.pdf,block-6-dist2,BP2 distortion mux 2
audio,U77,IC,1,CD4053BM,,SOIC-16,POGO_Package_SO:SOIC-16_3.9x9.9mm_P1.27mm,Texas Instruments,,https://www.ti.com/lit/ds/symlink/cd4053b.pdf,block-6-dist3,BP3 distortion mux 2
audio,U81,IC,1,CD4053BM,,SOIC-16,POGO_Package_SO:SOIC-16_3.9x9.9mm_P1.27mm,Texas Instruments,,https://www.ti.com/lit/ds/symlink/cd4053b.pdf,block-6-dist3,"BP3 INPUT selector: ALT-VCA vs LP1 per channel (X=L, Y=R), gated by ALT_L_DET (change 0018)"
audio,R133,Resistor,1,,100kΩ,0603,,,,,block-6-dist3,ALT_L_DET pull-up to +12V (BP3 selector; HIGH=ALT patched)
audio,R128,Resistor,2,,100kΩ,0603,,,,,block-6-dist1,R_MODE_PU: DW5 mode-encoder pull-ups to 5V logic rail; 2 per group (SC/HC/WF → 2 control bits)
audio,R128,Resistor,2,,100kΩ,0603,,,,,block-6-dist2,R_MODE_PU: DW5 mode-encoder pull-ups to 5V logic rail; 2 per group (SC/HC/WF → 2 control bits)
audio,R128,Resistor,2,,100kΩ,0603,,,,,block-6-dist3,R_MODE_PU: DW5 mode-encoder pull-ups to 5V logic rail; 2 per group (SC/HC/WF → 2 control bits)
audio,R124,Resistor,1,,1MΩ,0603,,,,,block-6-svf1,R_IREF_A_L: L-channel expo I_ref fixed R (U28-30); 1 per group
audio,R124,Resistor,1,,1MΩ,0603,,,,,block-6-svf2,R_IREF_A_L: L-channel expo I_ref fixed R (U28-30); 1 per group
audio,R124,Resistor,1,,1MΩ,0603,,,,,block-6-svf3,R_IREF_A_L: L-channel expo I_ref fixed R (U28-30); 1 per group
audio,R125,Resistor,1,,47kΩ,0603,,,,,block-6-svf1,R_VOCT_L: L-channel expo V/oct scaling (U28-30); 1 per group
audio,R125,Resistor,1,,47kΩ,0603,,,,,block-6-svf2,R_VOCT_L: L-channel expo V/oct scaling (U28-30); 1 per group
audio,R125,Resistor,1,,47kΩ,0603,,,,,block-6-svf3,R_VOCT_L: L-channel expo V/oct scaling (U28-30); 1 per group
audio,R126,Resistor,1,,1kΩ,0603,,,,,block-6-svf1,R_E_L: L-channel expo emitter degeneration (U28-30); 1 per group
audio,R126,Resistor,1,,1kΩ,0603,,,,,block-6-svf2,R_E_L: L-channel expo emitter degeneration (U28-30); 1 per group
audio,R126,Resistor,1,,1kΩ,0603,,,,,block-6-svf3,R_E_L: L-channel expo emitter degeneration (U28-30); 1 per group
audio,R127,Resistor,2,,100kΩ,0603,,,,,block-6-svf1,R_TILT_SUM: ±V_tilt summing R into each expo base (+L / −R); 1 per expo (6)
audio,R127,Resistor,2,,100kΩ,0603,,,,,block-6-svf2,R_TILT_SUM: ±V_tilt summing R into each expo base (+L / −R); 1 per expo (6)
audio,R127,Resistor,2,,100kΩ,0603,,,,,block-6-svf3,R_TILT_SUM: ±V_tilt summing R into each expo base (+L / −R); 1 per expo (6)
audio,R135,Resistor,1,,100kΩ,0603,,,,,block-6-svf1,BP1 TILT summer R_master: master tilt (BP_TILT_CV) → summer
audio,R136,Resistor,1,,100kΩ,0603,,,,,block-6-svf1,BP1 TILT summer R_knob: TILT knob (RV48) wiper → summer
audio,R137,Resistor,1,,470kΩ,0603,,,,,block-6-svf1,BP1 TILT summer R_cv: per-band TILT CV (MOD_BP1_TILT) → summer (×0.213)
audio,R138,Resistor,1,,100kΩ,0603,,,,,block-6-svf1,BP1 TILT summer R_sumfb: summer feedback
audio,R139,Resistor,1,,100kΩ,0603,,,,,block-6-svf1,BP1 TILT inverter R_invin
audio,R140,Resistor,1,,100kΩ,0603,,,,,block-6-svf1,BP1 TILT inverter R_invfb
audio,R141,Resistor,1,,100kΩ,0603,,,,,block-6-svf2,BP2 TILT summer R_master: master tilt (BP_TILT_CV) → summer
audio,R142,Resistor,1,,100kΩ,0603,,,,,block-6-svf2,BP2 TILT summer R_knob: TILT knob (RV49) wiper → summer
audio,R143,Resistor,1,,470kΩ,0603,,,,,block-6-svf2,BP2 TILT summer R_cv: per-band TILT CV (MOD_BP2_TILT) → summer (×0.213)
audio,R144,Resistor,1,,100kΩ,0603,,,,,block-6-svf2,BP2 TILT summer R_sumfb: summer feedback
audio,R145,Resistor,1,,100kΩ,0603,,,,,block-6-svf2,BP2 TILT inverter R_invin
audio,R146,Resistor,1,,100kΩ,0603,,,,,block-6-svf2,BP2 TILT inverter R_invfb
audio,R147,Resistor,1,,100kΩ,0603,,,,,block-6-svf3,BP3 TILT summer R_master: master tilt (BP_TILT_CV) → summer
audio,R148,Resistor,1,,100kΩ,0603,,,,,block-6-svf3,BP3 TILT summer R_knob: TILT knob (RV50) wiper → summer
audio,R149,Resistor,1,,470kΩ,0603,,,,,block-6-svf3,BP3 TILT summer R_cv: per-band TILT CV (MOD_BP3_TILT) → summer (×0.213)
audio,R150,Resistor,1,,100kΩ,0603,,,,,block-6-svf3,BP3 TILT summer R_sumfb: summer feedback
audio,R151,Resistor,1,,100kΩ,0603,,,,,block-6-svf3,BP3 TILT inverter R_invin
audio,R152,Resistor,1,,100kΩ,0603,,,,,block-6-svf3,BP3 TILT inverter R_invfb
audio,U49,IC,1,LM13700M,,SOIC-16,POGO_Package_SO:SOIC-16_3.9x9.9mm_P1.27mm,Texas Instruments,,https://www.ti.com/lit/ds/symlink/lm13700.pdf,block-7,HP OTA integrators L
audio,U50,IC,1,LM13700M,,SOIC-16,POGO_Package_SO:SOIC-16_3.9x9.9mm_P1.27mm,Texas Instruments,,https://www.ti.com/lit/ds/symlink/lm13700.pdf,block-7,HP OTA integrators R
audio,U51,IC,1,LM13700M,,SOIC-16,POGO_Package_SO:SOIC-16_3.9x9.9mm_P1.27mm,Texas Instruments,,https://www.ti.com/lit/ds/symlink/lm13700.pdf,block-7,HP Q VCA L (cell A; cell B spare)
audio,U52,IC,1,LM13700M,,SOIC-16,POGO_Package_SO:SOIC-16_3.9x9.9mm_P1.27mm,Texas Instruments,,https://www.ti.com/lit/ds/symlink/lm13700.pdf,block-7,HP Q VCA R (cell A; cell B spare)
audio,U53,IC,1,OPA1612AID,,SOIC-8,POGO_Package_SO:SOIC-8_3.9x4.9mm_P1.27mm,Texas Instruments,,https://www.ti.com/lit/ds/symlink/opa1612.pdf,block-7,HP SUM_AMP + inverting output buffer L
audio,U54,IC,1,OPA1612AID,,SOIC-8,POGO_Package_SO:SOIC-8_3.9x4.9mm_P1.27mm,Texas Instruments,,https://www.ti.com/lit/ds/symlink/opa1612.pdf,block-7,HP SUM_AMP + inverting output buffer R
audio,U55,IC,1,THAT340S14-U,,SOIC-14,POGO_Package_SO:SOIC-14_3.9x8.7mm_P1.27mm,THAT Corporation,,https://thatcorp.com/datashts/THAT_300-Series_Datasheet.pdf,block-7,HP expo converter (L+R shared)
audio,C29,Capacitor,4,,47nF,0603,,,,,block-7,HP integrator caps (C0G; C1L/C2L/C1R/C2R)
audio,R30,Resistor,1,,100kΩ,0603,,,,,block-7,HP SUM_AMP R_in L
audio,R31,Resistor,1,,100kΩ,0603,,,,,block-7,HP SUM_AMP R_in R
audio,RV16,Trimpot/Pot,1,3224W-1-xxx,500kΩ,SMD,POGO_Potentiometer_SMD:Potentiometer_Bourns_3224W,Bourns,,https://www.bourns.com/docs/Product-Datasheets/3224.pdf,block-7,HP f_ref trim rheostat; in series with R_IREF_A 1MΩ; ±25% range
audio,RV17,Trimpot/Pot,1,3224W-1-xxx,20kΩ,SMD,POGO_Potentiometer_SMD:Potentiometer_Bourns_3224W,Bourns,,https://www.bourns.com/docs/Product-Datasheets/3224.pdf,block-7,HP 1V/oct tracking trim; ±10% range
audio,RV18,Trimpot/Pot,1,,,SMD,,,,,block-7,HP Q_max trim
audio,R_QB_IABC_L,Resistor,1,,100kΩ,0603,,,,,block-7,U51 cell B Iabc termination resistor to GND (prevents floating)
audio,R_QB_IABC_R,Resistor,1,,100kΩ,0603,,,,,block-7,U52 cell B Iabc termination resistor to GND
audio,R_QB_OUT_L,Resistor,1,,1kΩ,0603,,,,,block-7,U51 cell B OTA output termination resistor to GND
audio,R_QB_OUT_R,Resistor,1,,1kΩ,0603,,,,,block-7,U52 cell B OTA output termination resistor to GND
audio,U66,IC,1,TL072CDT,,SOIC-8,POGO_Package_SO:SOIC-8_3.9x4.9mm_P1.27mm,Texas Instruments,,https://www.ti.com/lit/ds/symlink/tl072.pdf,block-7,"HP IRES_AMP (Q driver, half A; half B spare)"
audio,R92,Resistor,1,,100kΩ,0603,,,,,block-7,HP SUM_AMP v2 feedback input R L (R_FB_L)
audio,R93,Resistor,1,,100kΩ,0603,,,,,block-7,HP SUM_AMP v2 feedback input R R (R_FB_R)
audio,R94,Resistor,1,,100kΩ,0603,,,,,block-7,HP SUM_AMP feedback R L (R_f_L)
audio,R95,Resistor,1,,100kΩ,0603,,,,,block-7,HP SUM_AMP feedback R R (R_f_R)
audio,R96,Resistor,1,,1kΩ,0603,,,,,block-7,HP OTA1 linearizing R L (R_LIN_A_L)
audio,R97,Resistor,1,,1kΩ,0603,,,,,block-7,HP OTA2 linearizing R L (R_LIN_B_L)
audio,R98,Resistor,1,,1kΩ,0603,,,,,block-7,HP OTA1 linearizing R R (R_LIN_A_R)
audio,R99,Resistor,1,,1kΩ,0603,,,,,block-7,HP OTA2 linearizing R R (R_LIN_B_R)
audio,R100,Resistor,1,,100kΩ,0603,,,,,block-7,HP output inverting buffer R_in L (R_HP_IN_L)
audio,R101,Resistor,1,,100kΩ,0603,,,,,block-7,HP output inverting buffer R_in R (R_HP_IN_R)
audio,R102,Resistor,1,,100kΩ,0603,,,,,block-7,HP output inverting buffer R_f L (R_HP_FB_L)
audio,R103,Resistor,1,,100kΩ,0603,,,,,block-7,HP output inverting buffer R_f R (R_HP_FB_R)
audio,R104,Resistor,1,,1MΩ,0603,,,,,block-7,HP Q V→I: V_ires_L → U51 cellA Iabc (R_Iabc_L)
audio,R105,Resistor,1,,1MΩ,0603,,,,,block-7,HP Q V→I: V_ires_R → U52 cellA Iabc (R_Iabc_R)
audio,R106,Resistor,1,,100kΩ,0603,,,,,block-7,HP IRES_AMP V_bias input R (R_QBIAS)
audio,R107,Resistor,1,,100kΩ,0603,,,,,block-7,HP IRES_AMP resonance CV input R (R_QINV)
audio,R108,Resistor,1,,100kΩ,0603,,,,,block-7,HP IRES_AMP feedback R (R_f_q)
audio,R109,Resistor,1,,1MΩ,0603,,,,,block-7,HP expo I_ref fixed R; series with RV16 (R_IREF_A)
audio,R110,Resistor,1,,47kΩ,0603,,,,,block-7,HP expo V/oct scaling R (R_VOCT)
audio,R111,Resistor,1,,1kΩ,0603,,,,,block-7,HP expo emitter degeneration (R_E)
audio,R112,Resistor,1,,10kΩ,0603,,,,,block-7,HP L OTA1 buffer (v1) emitter pulldown to V-
audio,R113,Resistor,1,,10kΩ,0603,,,,,block-7,HP L OTA2 buffer (v2) emitter pulldown to V-
audio,R114,Resistor,1,,10kΩ,0603,,,,,block-7,HP R OTA1 buffer (v1) emitter pulldown to V-
audio,R115,Resistor,1,,10kΩ,0603,,,,,block-7,HP R OTA2 buffer (v2) emitter pulldown to V-
audio,D12,Diode,1,1N4148W,,SOD-123,POGO_Diode_SMD:D_SOD-123,Diodes Inc.,,https://www.diodes.com/assets/Datasheets/ds30086.pdf,block-7,"HP V_ires ≥0 clamp (anode GND, cathode V_ires)"
audio,C86,Capacitor,1,,100nF,0603,,,,,block-7,HP expo I_ref node bypass (C0G)
audio,C87,Capacitor,1,,10nF,0402,,,,,block-7,HP OTA Iabc bypass L (C_IABC_L)
audio,C88,Capacitor,1,,10nF,0402,,,,,block-7,HP OTA Iabc bypass R (C_IABC_R)
audio,C89,Capacitor,1,,10nF,0402,,,,,block-7,HP Q-cell A Iabc bypass L (U51)
audio,C90,Capacitor,1,,10nF,0402,,,,,block-7,HP Q-cell A Iabc bypass R (U52)
audio,C91,Capacitor,1,,100nF,0603,,,,,block-7,U49 V+ decoupling
audio,C92,Capacitor,1,,100nF,0603,,,,,block-7,U49 V- decoupling
audio,C93,Capacitor,1,,100nF,0603,,,,,block-7,U50 V+ decoupling
audio,C94,Capacitor,1,,100nF,0603,,,,,block-7,U50 V- decoupling
audio,C95,Capacitor,1,,100nF,0603,,,,,block-7,U51 V+ decoupling
audio,C96,Capacitor,1,,100nF,0603,,,,,block-7,U51 V- decoupling
audio,C97,Capacitor,1,,100nF,0603,,,,,block-7,U52 V+ decoupling
audio,C98,Capacitor,1,,100nF,0603,,,,,block-7,U52 V- decoupling
audio,C99,Capacitor,1,,100nF,0603,,,,,block-7,U53 V+ decoupling
audio,C100,Capacitor,1,,100nF,0603,,,,,block-7,U53 V- decoupling
audio,C101,Capacitor,1,,100nF,0603,,,,,block-7,U54 V+ decoupling
audio,C102,Capacitor,1,,100nF,0603,,,,,block-7,U54 V- decoupling
audio,C103,Capacitor,1,,100nF,0603,,,,,block-7,U55 +12V rail bypass (THAT340 no Vcc pin)
audio,C104,Capacitor,1,,100nF,0603,,,,,block-7,U55 -12V rail bypass
audio,C105,Capacitor,1,,100nF,0603,,,,,block-7,U66 V+ decoupling
audio,C106,Capacitor,1,,100nF,0603,,,,,block-7,U66 V- decoupling
audio,U56,IC,1,LM13700M,,SOIC-16,POGO_Package_SO:SOIC-16_3.9x9.9mm_P1.27mm,Texas Instruments,,https://www.ti.com/lit/ds/symlink/lm13700.pdf,block-8,LP2 OTA integrators L
audio,U57,IC,1,LM13700M,,SOIC-16,POGO_Package_SO:SOIC-16_3.9x9.9mm_P1.27mm,Texas Instruments,,https://www.ti.com/lit/ds/symlink/lm13700.pdf,block-8,LP2 OTA integrators R
audio,U58,IC,1,OPA1612AID,,SOIC-8,POGO_Package_SO:SOIC-8_3.9x4.9mm_P1.27mm,Texas Instruments,,https://www.ti.com/lit/ds/symlink/opa1612.pdf,block-8,LP2 SUM_AMP + output buffer L
audio,U59,IC,1,OPA1612AID,,SOIC-8,POGO_Package_SO:SOIC-8_3.9x4.9mm_P1.27mm,Texas Instruments,,https://www.ti.com/lit/ds/symlink/opa1612.pdf,block-8,LP2 SUM_AMP + output buffer R
audio,U60,IC,1,THAT340S14-U,,SOIC-14,POGO_Package_SO:SOIC-14_3.9x8.7mm_P1.27mm,THAT Corporation,,https://thatcorp.com/datashts/THAT_300-Series_Datasheet.pdf,block-8,LP2 expo converter (L+R shared; independent from LP1)
audio,C33,Capacitor,4,,47nF,0603,,,,,block-8,LP2 integrator caps (C0G; 4 total)
audio,R32,Resistor,1,,100kΩ,0603,,,,,block-8,LP2 SUM_AMP R_in L
audio,R33,Resistor,1,,100kΩ,0603,,,,,block-8,LP2 SUM_AMP R_in R
audio,RV19,Trimpot/Pot,1,3224W-1-xxx,500kΩ,SMD,POGO_Potentiometer_SMD:Potentiometer_Bourns_3224W,Bourns,,https://www.bourns.com/docs/Product-Datasheets/3224.pdf,block-8,LP2 f_ref trim rheostat; in series with R_IREF_A 1MΩ; ±25% range
audio,RV20,Trimpot/Pot,1,3224W-1-xxx,20kΩ,SMD,POGO_Potentiometer_SMD:Potentiometer_Bourns_3224W,Bourns,,https://www.bourns.com/docs/Product-Datasheets/3224.pdf,block-8,LP2 1V/oct tracking trim; ±10% range
audio,RV21,Trimpot/Pot,1,,,SMD,,,,,block-8,LP2 Q_max trim
audio,U65,IC,1,TL072CDT,,SOIC-8,POGO_Package_SO:SOIC-8_3.9x4.9mm_P1.27mm,Texas Instruments,,https://www.ti.com/lit/ds/symlink/tl072.pdf,block-8,"LP2 IRES_AMP (Q driver, half A; half B spare)"
audio,R72,Resistor,1,,100kΩ,0603,,,,,block-8,LP2 SUM_AMP v2 feedback input R L (R_FB_L)
audio,R73,Resistor,1,,100kΩ,0603,,,,,block-8,LP2 SUM_AMP v2 feedback input R R (R_FB_R)
audio,R74,Resistor,1,,100kΩ,0603,,,,,block-8,LP2 SUM_AMP feedback R L (R_f_L)
audio,R75,Resistor,1,,100kΩ,0603,,,,,block-8,LP2 SUM_AMP feedback R R (R_f_R)
audio,R76,Resistor,1,,1kΩ,0603,,,,,block-8,LP2 OTA1 linearizing R L (R_LIN_A_L)
audio,R77,Resistor,1,,1kΩ,0603,,,,,block-8,LP2 OTA2 linearizing R L (R_LIN_B_L)
audio,R78,Resistor,1,,1kΩ,0603,,,,,block-8,LP2 OTA1 linearizing R R (R_LIN_A_R)
audio,R79,Resistor,1,,1kΩ,0603,,,,,block-8,LP2 OTA2 linearizing R R (R_LIN_B_R)
audio,R80,Resistor,1,,1MΩ,0603,,,,,block-8,LP2 Q V→I: V_ires_L → U9 cellB Iabc (R_Iabc_L)
audio,R81,Resistor,1,,1MΩ,0603,,,,,block-8,LP2 Q V→I: V_ires_R → U10 cellB Iabc (R_Iabc_R)
audio,R82,Resistor,1,,100kΩ,0603,,,,,block-8,LP2 IRES_AMP V_bias input R (R_QBIAS)
audio,R83,Resistor,1,,100kΩ,0603,,,,,block-8,LP2 IRES_AMP resonance CV input R (R_QINV)
audio,R84,Resistor,1,,100kΩ,0603,,,,,block-8,LP2 IRES_AMP feedback R (R_f_q)
audio,R85,Resistor,1,,1MΩ,0603,,,,,block-8,LP2 expo I_ref fixed R; series with RV19 (R_IREF_A)
audio,R86,Resistor,1,,47kΩ,0603,,,,,block-8,LP2 expo V/oct scaling R (R_VOCT)
audio,R87,Resistor,1,,1kΩ,0603,,,,,block-8,LP2 expo emitter degeneration (R_E)
audio,R88,Resistor,1,,10kΩ,0603,,,,,block-8,LP2 L OTA1 buffer (v1) emitter pulldown to V-
audio,R89,Resistor,1,,10kΩ,0603,,,,,block-8,LP2 L OTA2 buffer (v2) emitter pulldown to V-
audio,R90,Resistor,1,,10kΩ,0603,,,,,block-8,LP2 R OTA1 buffer (v1) emitter pulldown to V-
audio,R91,Resistor,1,,10kΩ,0603,,,,,block-8,LP2 R OTA2 buffer (v2) emitter pulldown to V-
audio,D11,Diode,1,1N4148W,,SOD-123,POGO_Diode_SMD:D_SOD-123,Diodes Inc.,,https://www.diodes.com/assets/Datasheets/ds30086.pdf,block-8,"LP2 V_ires ≥0 clamp (anode GND, cathode V_ires)"
audio,C69,Capacitor,1,,100nF,0603,,,,,block-8,LP2 expo I_ref node bypass (C0G)
audio,C70,Capacitor,1,,10nF,0402,,,,,block-8,LP2 OTA Iabc bypass L (C_IABC_L)
audio,C71,Capacitor,1,,10nF,0402,,,,,block-8,LP2 OTA Iabc bypass R (C_IABC_R)
audio,C72,Capacitor,1,,100nF,0603,,,,,block-8,U56 V+ decoupling
audio,C73,Capacitor,1,,100nF,0603,,,,,block-8,U56 V- decoupling
audio,C74,Capacitor,1,,100nF,0603,,,,,block-8,U57 V+ decoupling
audio,C75,Capacitor,1,,100nF,0603,,,,,block-8,U57 V- decoupling
audio,C76,Capacitor,1,,100nF,0603,,,,,block-8,U58 V+ decoupling
audio,C77,Capacitor,1,,100nF,0603,,,,,block-8,U58 V- decoupling
audio,C78,Capacitor,1,,100nF,0603,,,,,block-8,U59 V+ decoupling
audio,C79,Capacitor,1,,100nF,0603,,,,,block-8,U59 V- decoupling
audio,C80,Capacitor,1,,100nF,0603,,,,,block-8,U65 V+ decoupling
audio,C81,Capacitor,1,,100nF,0603,,,,,block-8,U65 V- decoupling
audio,C82,Capacitor,1,,100nF,0603,,,,,block-8,U60 +12V rail bypass (THAT340 no Vcc pin)
audio,C83,Capacitor,1,,100nF,0603,,,,,block-8,U60 -12V rail bypass
audio,U61,IC,1,TL072CDT,,SOIC-8,POGO_Package_SO:SOIC-8_3.9x4.9mm_P1.27mm,Texas Instruments,,https://www.ti.com/lit/ds/symlink/tl072.pdf,block-B,MAIN_L + MAIN_R output buffers
audio,U62,IC,1,TL072CDT,,SOIC-8,POGO_Package_SO:SOIC-8_3.9x4.9mm_P1.27mm,Texas Instruments,,https://www.ti.com/lit/ds/symlink/tl072.pdf,block-B,BP3_L + BP3_R output buffers
audio,R34,Resistor,1,,1kΩ,0603,,,,,block-B,MAIN_L output protection
audio,R35,Resistor,1,,1kΩ,0603,,,,,block-B,MAIN_R output protection
audio,R36,Resistor,1,,1kΩ,0603,,,,,block-B,BP3_L output protection
audio,R37,Resistor,1,,1kΩ,0603,,,,,block-B,BP3_R output protection
audio,C37,Capacitor,1,,100nF,0603,,,,,block-B,U61 +12V decoupling
audio,C38,Capacitor,1,,100nF,0603,,,,,block-B,U61 -12V decoupling
audio,C39,Capacitor,1,,100nF,0603,,,,,block-B,U62 +12V decoupling
audio,C40,Capacitor,1,,100nF,0603,,,,,block-B,U62 -12V decoupling
utility,U1,IC,1,TL072CDT,,SOIC-8,POGO_Package_SO:SOIC-8_3.9x4.9mm_P1.27mm,Texas Instruments,,https://www.ti.com/lit/ds/symlink/tl072.pdf,block-2,LFO1 integrator (half A) + Schmitt trigger (half B)
utility,U2,IC,1,TL072CDT,,SOIC-8,POGO_Package_SO:SOIC-8_3.9x4.9mm_P1.27mm,Texas Instruments,,https://www.ti.com/lit/ds/symlink/tl072.pdf,block-2,LFO2 integrator (half A) + Schmitt trigger (half B)
utility,C1,Capacitor,1,,47nF,0603,,,,,block-2,C_INT1: LFO1 integrator timing cap (C0G mandatory)
utility,C2,Capacitor,1,,47nF,0603,,,,,block-2,C_INT2: LFO2 integrator timing cap (C0G mandatory)
utility,C3,Capacitor,2,,100nF,0603,,,,,block-2,C_BYPASS_LFO1: U1 +12V and −12V supply bypass (X7R)
utility,C5,Capacitor,2,,100nF,0603,,,,,block-2,C_BYPASS_LFO2: U2 +12V and −12V supply bypass (X7R)
utility,R1,Resistor,1,,590kΩ,0603,,,,,block-2,R_INT1: LFO1 integrator input R (fixed); sets f_max ≈ 20 Hz at full drive
utility,R2,Resistor,1,,590kΩ,0603,,,,,block-2,R_INT2: LFO2 integrator input R (fixed)
utility,R3,Resistor,1,,2.4kΩ,0603,,,,,block-2,R_FLOOR1: LFO1 rate-attenuator floor (pot bottom → GND); sets f_min ≈ 0.05 Hz
utility,R4,Resistor,1,,2.4kΩ,0603,,,,,block-2,R_FLOOR2: LFO2 rate-attenuator floor (pot bottom → GND)
utility,R5,Resistor,1,,100kΩ,0603,,,,,block-2,R_FB_SQ1: LFO1 Schmitt feedback R (comparator output → (+) input)
utility,R6,Resistor,1,,100kΩ,0603,,,,,block-2,R_FB_SQ2: LFO2 Schmitt feedback R
utility,R7,Resistor,1,,82kΩ,0603,,,,,block-2,R_HYS1: LFO1 Schmitt lower R ((+) input → GND); sets V_H = 5V
utility,R8,Resistor,1,,82kΩ,0603,,,,,block-2,R_HYS2: LFO2 Schmitt lower R
utility,R9,Resistor,1,,470Ω,0603,,,,,block-2,R_E1: LFO1 LED breathing-driver emitter R (sets ≈3 mA full-scale at V_tri=+5V)
utility,R10,Resistor,1,,470Ω,0603,,,,,block-2,R_E2: LFO2 LED breathing-driver emitter R
utility,R11,Resistor,1,,1kΩ,0603,,,,,block-2,R_OUT1: LFO1 output series protection to jack
utility,R12,Resistor,1,,1kΩ,0603,,,,,block-2,R_OUT2: LFO2 output series protection to jack
utility,Q1,Transistor,1,MMBT3904,,SOT-23,POGO_Package_TO_SOT_SMD:SOT-23,onsemi,,https://www.onsemi.com/products/discrete-power-modules/general-purpose-small-signal-transistors/mmbt3904,block-2,"LFO1 LED breathing current source (NPN; LED ← +12V → collector, emitter → R_E1)"
utility,Q2,Transistor,1,MMBT3904,,SOT-23,POGO_Package_TO_SOT_SMD:SOT-23,onsemi,,https://www.onsemi.com/products/discrete-power-modules/general-purpose-small-signal-transistors/mmbt3904,block-2,LFO2 LED breathing current source (NPN)
utility,R19,Resistor,1,,51kΩ,0603,,,,,block-2,R_BTRI1: LFO1 LED driver base — V_tri injection (level-shift)
utility,R20,Resistor,1,,68kΩ,0603,,,,,block-2,R_BBIAS1: LFO1 LED driver base — +12V bias (sets quiescent base)
utility,R21,Resistor,1,,10kΩ,0603,,,,,block-2,R_BGND1: LFO1 LED driver base — GND leg of level-shift divider
utility,R22,Resistor,1,,51kΩ,0603,,,,,block-2,R_BTRI2: LFO2 LED driver base — V_tri injection
utility,R23,Resistor,1,,68kΩ,0603,,,,,block-2,R_BBIAS2: LFO2 LED driver base — +12V bias
utility,R24,Resistor,1,,10kΩ,0603,,,,,block-2,R_BGND2: LFO2 LED driver base — GND leg
panel,LED1,LED,1,,,3mm,POGO_LED_THT:LED_D3.0mm,generic,,https://www.thonk.co.uk/product-category/electronic-component/led/,block-2,LFO1 rate/phase indicator
panel,LED2,LED,1,,,3mm,POGO_LED_THT:LED_D3.0mm,generic,,https://www.thonk.co.uk/product-category/electronic-component/led/,block-2,LFO2 rate/phase indicator
utility,U3,IC,1,TL074CDT,,SOIC-14,POGO_Package_SO:SOIC-14_3.9x8.7mm_P1.27mm,Texas Instruments,,https://www.ti.com/lit/ds/symlink/tl074.pdf,block-3,MB_PROC_A: MB summer (half A) + MB inverter (half B); 2 sections spare
utility,U5,IC,1,TL074CDT,,SOIC-14,POGO_Package_SO:SOIC-14_3.9x8.7mm_P1.27mm,Texas Instruments,,https://www.ti.com/lit/ds/symlink/tl074.pdf,block-3,MB_INV_1: −V_src inverters for destinations 1–4
utility,U6,IC,1,TL074CDT,,SOIC-14,POGO_Package_SO:SOIC-14_3.9x8.7mm_P1.27mm,Texas Instruments,,https://www.ti.com/lit/ds/symlink/tl074.pdf,block-3,MB_INV_2: −V_src inverters for destinations 5–8
utility,U7,IC,1,TL074CDT,,SOIC-14,POGO_Package_SO:SOIC-14_3.9x8.7mm_P1.27mm,Texas Instruments,,https://www.ti.com/lit/ds/symlink/tl074.pdf,block-3,MB_INV_3: −V_src inverters for destinations 9–12
utility,U8,IC,1,TL074CDT,,SOIC-14,POGO_Package_SO:SOIC-14_3.9x8.7mm_P1.27mm,Texas Instruments,,https://www.ti.com/lit/ds/symlink/tl074.pdf,block-3,MB_INV_4: −V_src inverters for destinations 13–16
utility,U9,IC,1,TL074CDT,,SOIC-14,POGO_Package_SO:SOIC-14_3.9x8.7mm_P1.27mm,Texas Instruments,,https://www.ti.com/lit/ds/symlink/tl074.pdf,block-3,MB_INV_5: −V_src inverters for destinations 17–18 (2 sections spare; VCA is not an attenuverter dest)
utility,R13,Resistor,1,,100kΩ,0603,,,,,block-3,"R_MB_F: feedback R, MB summer stage"
utility,R14,Resistor,1,,22kΩ,0603,,,,,block-3,R_MB_SRC: floor input R for V_src; with 470kΩ SCALE pot → G range 0.20×–4.55×
utility,R15,Resistor,1,,100kΩ,0603,,,,,block-3,R_MB_OFF: offset pot input R
utility,R16,Resistor,2,,100kΩ,0603,,,,,block-3,R_MB_INV: equal R_in + R_fb for polarity inverter stage
utility,R18,Resistor,19,,100kΩ,0603,,,,,block-3,R_SRC_NORM: bus normalling R per destination jack (19 destinations)
utility,R37,Resistor,19,,100Ω,0603,,,,,block-3,R_CLAMP: series CV protection per destination
utility,D3,Diode,18,BAT54S,,SOT-23,POGO_Package_TO_SOT_SMD:SOT-23,Diodes Inc.,,https://www.diodes.com/assets/Datasheets/ds11005.pdf,block-3,D_CLAMP: dual Schottky clamp per attenuverter destination CV input (18 total)
utility,C7,Capacitor,12,,100nF,0603,,,,,block-3,C_BYPASS_MB: supply bypass; one per op-amp supply pin (6 ICs × 2 rails)
utility,R_INV_IN,Resistor,18,,10kΩ,0603,,,,,block-3,R_inv_in: attenuverter −V_src inverter input R; 1 per attenuverter destination (18); 1% for >60 dB center null
utility,R_INV_FB,Resistor,18,,10kΩ,0603,,,,,block-3,R_inv_fb: attenuverter −V_src inverter feedback R; 1 per attenuverter destination (18); 1% for >60 dB center null
utility,R99,Resistor,1,,100Ω,0603,,,,,block-3,R_MODIN: MOD_IN series input protection
utility,D4,Diode,1,BAT54S,,SOT-23,POGO_Package_TO_SOT_SMD:SOT-23,Diodes Inc.,,https://www.diodes.com/assets/Datasheets/ds11005.pdf,block-3,D_MODIN: MOD_IN input clamp ±12V
utility,D5,Diode,1,BZX84-C10,,SOT-23,POGO_Package_TO_SOT_SMD:SOT-23,Nexperia,,https://assets.nexperia.com/documents/data-sheet/BZX84_SER.pdf,block-3,D_ZCLAMP_P: mod-bus +10V clamp zener (back-to-back with D6)
utility,D6,Diode,1,BZX84-C10,,SOT-23,POGO_Package_TO_SOT_SMD:SOT-23,Nexperia,,https://assets.nexperia.com/documents/data-sheet/BZX84_SER.pdf,block-3,D_ZCLAMP_N: mod-bus -10V clamp zener (cathode-to-cathode with D5)
control,SW1,Switch,1,DW3 (2M DPDT ON-ON),,sub-mini toggle 2M,POGO_Button_Switch_THT:SW_Dailywell_DW3_DPDT,Dailywell,Thonk,https://www.thonk.co.uk/shop/sub-mini-toggle-switches/,block-1,GAIN_MAIN 1×/5×
control,SW2,Switch,1,DW3 (2M DPDT ON-ON),,sub-mini toggle 2M,POGO_Button_Switch_THT:SW_Dailywell_DW3_DPDT,Dailywell,Thonk,https://www.thonk.co.uk/shop/sub-mini-toggle-switches/,block-1,GAIN_BP3 1×/5×
control,RV1,Trimpot/Pot,1,R0904N,1MΩ,9mm,POGO_Potentiometer_THT:Potentiometer_Songhuei_9mm_TallTrimmer_Vertical,Song Huei (Taiwan),Thonk,https://www.thonk.co.uk/shop/9mm-tall-trimmers/,block-2,"LFO1_RATE panel pot (9mm log taper; rate attenuator on Schmitt output, 0.05–20 Hz)"
control,RV2,Trimpot/Pot,1,R0904N,1MΩ,9mm,POGO_Potentiometer_THT:Potentiometer_Songhuei_9mm_TallTrimmer_Vertical,Song Huei (Taiwan),Thonk,https://www.thonk.co.uk/shop/9mm-tall-trimmers/,block-2,"LFO2_RATE panel pot (9mm log taper; rate attenuator on Schmitt output, 0.05–20 Hz)"
control,RV3,Trimpot/Pot,1,R0904N,470kΩ,9mm,POGO_Potentiometer_THT:Potentiometer_Songhuei_9mm_TallTrimmer_Vertical,Song Huei (Taiwan),Thonk,https://www.thonk.co.uk/shop/9mm-tall-trimmers/,block-3,MOD_SCALE (0.2×–5×; log taper; in series with 22kΩ R_MB_SRC on utility board)
control,RV4,Trimpot/Pot,1,R0904N,,9mm,POGO_Potentiometer_THT:Potentiometer_Songhuei_9mm_TallTrimmer_Vertical,Song Huei (Taiwan),Thonk,https://www.thonk.co.uk/shop/9mm-tall-trimmers/,block-3,MOD_OFFSET (±5V)
control,RV6,Trimpot/Pot,1,R0904N,,9mm,POGO_Potentiometer_THT:Potentiometer_Songhuei_9mm_TallTrimmer_Vertical,Song Huei (Taiwan),Thonk,https://www.thonk.co.uk/shop/9mm-tall-trimmers/,block-3,LP1_FREQ_ATT
control,RV7,Trimpot/Pot,1,R0904N,,9mm,POGO_Potentiometer_THT:Potentiometer_Songhuei_9mm_TallTrimmer_Vertical,Song Huei (Taiwan),Thonk,https://www.thonk.co.uk/shop/9mm-tall-trimmers/,block-3,LP1_TILT_ATT
control,RV8,Trimpot/Pot,1,R0904N,,9mm,POGO_Potentiometer_THT:Potentiometer_Songhuei_9mm_TallTrimmer_Vertical,Song Huei (Taiwan),Thonk,https://www.thonk.co.uk/shop/9mm-tall-trimmers/,block-3,LP1_RES_ATT
control,RV9,Trimpot/Pot,1,R0904N,,9mm,POGO_Potentiometer_THT:Potentiometer_Songhuei_9mm_TallTrimmer_Vertical,Song Huei (Taiwan),Thonk,https://www.thonk.co.uk/shop/9mm-tall-trimmers/,block-3,BP_FREQ_ATT
control,RV10,Trimpot/Pot,1,R0904N,,9mm,POGO_Potentiometer_THT:Potentiometer_Songhuei_9mm_TallTrimmer_Vertical,Song Huei (Taiwan),Thonk,https://www.thonk.co.uk/shop/9mm-tall-trimmers/,block-3,BP_TILT_ATT
control,RV11,Trimpot/Pot,1,R0904N,,9mm,POGO_Potentiometer_THT:Potentiometer_Songhuei_9mm_TallTrimmer_Vertical,Song Huei (Taiwan),Thonk,https://www.thonk.co.uk/shop/9mm-tall-trimmers/,block-3,BP1_FREQ_ATT
control,RV12,Trimpot/Pot,1,R0904N,,9mm,POGO_Potentiometer_THT:Potentiometer_Songhuei_9mm_TallTrimmer_Vertical,Song Huei (Taiwan),Thonk,https://www.thonk.co.uk/shop/9mm-tall-trimmers/,block-3,BP1_TILT_ATT
control,RV13,Trimpot/Pot,1,R0904N,,9mm,POGO_Potentiometer_THT:Potentiometer_Songhuei_9mm_TallTrimmer_Vertical,Song Huei (Taiwan),Thonk,https://www.thonk.co.uk/shop/9mm-tall-trimmers/,block-3,BP1_DIST_ATT
control,RV14,Trimpot/Pot,1,R0904N,,9mm,POGO_Potentiometer_THT:Potentiometer_Songhuei_9mm_TallTrimmer_Vertical,Song Huei (Taiwan),Thonk,https://www.thonk.co.uk/shop/9mm-tall-trimmers/,block-3,BP2_FREQ_ATT
control,RV15,Trimpot/Pot,1,R0904N,,9mm,POGO_Potentiometer_THT:Potentiometer_Songhuei_9mm_TallTrimmer_Vertical,Song Huei (Taiwan),Thonk,https://www.thonk.co.uk/shop/9mm-tall-trimmers/,block-3,BP2_TILT_ATT
control,RV16,Trimpot/Pot,1,R0904N,,9mm,POGO_Potentiometer_THT:Potentiometer_Songhuei_9mm_TallTrimmer_Vertical,Song Huei (Taiwan),Thonk,https://www.thonk.co.uk/shop/9mm-tall-trimmers/,block-3,BP2_DIST_ATT
control,RV17,Trimpot/Pot,1,R0904N,,9mm,POGO_Potentiometer_THT:Potentiometer_Songhuei_9mm_TallTrimmer_Vertical,Song Huei (Taiwan),Thonk,https://www.thonk.co.uk/shop/9mm-tall-trimmers/,block-3,BP3_FREQ_ATT
control,RV18,Trimpot/Pot,1,R0904N,,9mm,POGO_Potentiometer_THT:Potentiometer_Songhuei_9mm_TallTrimmer_Vertical,Song Huei (Taiwan),Thonk,https://www.thonk.co.uk/shop/9mm-tall-trimmers/,block-3,BP3_TILT_ATT
control,RV19,Trimpot/Pot,1,R0904N,,9mm,POGO_Potentiometer_THT:Potentiometer_Songhuei_9mm_TallTrimmer_Vertical,Song Huei (Taiwan),Thonk,https://www.thonk.co.uk/shop/9mm-tall-trimmers/,block-3,BP3_DIST_ATT
control,RV20,Trimpot/Pot,1,R0904N,,9mm,POGO_Potentiometer_THT:Potentiometer_Songhuei_9mm_TallTrimmer_Vertical,Song Huei (Taiwan),Thonk,https://www.thonk.co.uk/shop/9mm-tall-trimmers/,block-3,HP_FREQ_ATT
control,RV21,Trimpot/Pot,1,R0904N,,9mm,POGO_Potentiometer_THT:Potentiometer_Songhuei_9mm_TallTrimmer_Vertical,Song Huei (Taiwan),Thonk,https://www.thonk.co.uk/shop/9mm-tall-trimmers/,block-3,HP_RES_ATT
control,RV22,Trimpot/Pot,1,R0904N,,9mm,POGO_Potentiometer_THT:Potentiometer_Songhuei_9mm_TallTrimmer_Vertical,Song Huei (Taiwan),Thonk,https://www.thonk.co.uk/shop/9mm-tall-trimmers/,block-3,LP2_FREQ_ATT
control,RV23,Trimpot/Pot,1,R0904N,,9mm,POGO_Potentiometer_THT:Potentiometer_Songhuei_9mm_TallTrimmer_Vertical,Song Huei (Taiwan),Thonk,https://www.thonk.co.uk/shop/9mm-tall-trimmers/,block-3,LP2_RES_ATT
control,RV44,Trimpot/Pot,1,R0904N,1kΩ,9mm,POGO_Potentiometer_THT:Potentiometer_Songhuei_9mm_TallTrimmer_Vertical,Song Huei (Taiwan),Thonk,https://www.thonk.co.uk/shop/9mm-tall-trimmers/,block-4,VCA_AMT (-1 to +1); 1kΩ limits wiper impedance <250Ω (avoids THAT2180 gain error at center)
control,RV45,Trimpot/Pot,1,R0904N,,9mm,POGO_Potentiometer_THT:Potentiometer_Songhuei_9mm_TallTrimmer_Vertical,Song Huei (Taiwan),Thonk,https://www.thonk.co.uk/shop/9mm-tall-trimmers/,block-4,VCA_OFS (0 to 1)
control,RV26,Trimpot/Pot,1,RD901F-40-00D,,9mm,POGO_Potentiometer_THT:Potentiometer_Alpha_RD901F-40-00D_Single_Vertical_CircularHoles,Alpha (Taiwan),Thonk,https://www.thonk.co.uk/shop/alpha-9mm-pots/,block-5,LP1_FREQ (±5V/oct)
control,RV27,Trimpot/Pot,1,RD901F-40-00D,,9mm,POGO_Potentiometer_THT:Potentiometer_Alpha_RD901F-40-00D_Single_Vertical_CircularHoles,Alpha (Taiwan),Thonk,https://www.thonk.co.uk/shop/alpha-9mm-pots/,block-5,LP1_TILT (±1)
control,RV28,Trimpot/Pot,1,RD901F-40-00D,,9mm,POGO_Potentiometer_THT:Potentiometer_Alpha_RD901F-40-00D_Single_Vertical_CircularHoles,Alpha (Taiwan),Thonk,https://www.thonk.co.uk/shop/alpha-9mm-pots/,block-5,LP1_RES (0–1)
control,SW4,Switch,1,DW5 (2M DPDT ON-ON-ON),,sub-mini toggle 2M,POGO_Button_Switch_THT:SW_Dailywell_DW5_DPDT,Dailywell,Thonk,https://www.thonk.co.uk/shop/sub-mini-toggle-switches/,block-6-dist1,BP1_DIST_MODE (Soft/Hard/Fold)
control,SW5,Switch,1,DW5 (2M DPDT ON-ON-ON),,sub-mini toggle 2M,POGO_Button_Switch_THT:SW_Dailywell_DW5_DPDT,Dailywell,Thonk,https://www.thonk.co.uk/shop/sub-mini-toggle-switches/,block-6-dist2,BP2_DIST_MODE (Soft/Hard/Fold)
control,SW6,Switch,1,DW5 (2M DPDT ON-ON-ON),,sub-mini toggle 2M,POGO_Button_Switch_THT:SW_Dailywell_DW5_DPDT,Dailywell,Thonk,https://www.thonk.co.uk/shop/sub-mini-toggle-switches/,block-6-dist3,BP3_DIST_MODE (Soft/Hard/Fold)
control,SW7,Switch,1,DW5 (2M DPDT ON-ON-ON),,sub-mini toggle 2M,POGO_Button_Switch_THT:SW_Dailywell_DW5_DPDT,Dailywell,Thonk,https://www.thonk.co.uk/shop/sub-mini-toggle-switches/,block-3,MOD_SRC (3-way mod source select: LFO1 / LFO2 / External); bound to MOD_SRC_PARAM
control,RV29,Trimpot/Pot,1,RD901F-40-00D,,9mm,POGO_Potentiometer_THT:Potentiometer_Alpha_RD901F-40-00D_Single_Vertical_CircularHoles,Alpha (Taiwan),Thonk,https://www.thonk.co.uk/shop/alpha-9mm-pots/,block-6-mix,BP_OFFSET master freq (±5V/oct)
control,RV30,Trimpot/Pot,1,RD901F-40-00D,,9mm,POGO_Potentiometer_THT:Potentiometer_Alpha_RD901F-40-00D_Single_Vertical_CircularHoles,Alpha (Taiwan),Thonk,https://www.thonk.co.uk/shop/alpha-9mm-pots/,block-6-mix,BP_MIX dry/wet (0–1)
control,RV31,Trimpot/Pot,1,RD901F-40-00D,,9mm,POGO_Potentiometer_THT:Potentiometer_Alpha_RD901F-40-00D_Single_Vertical_CircularHoles,Alpha (Taiwan),Thonk,https://www.thonk.co.uk/shop/alpha-9mm-pots/,block-6-svf1,BP1_FREQ
control,RV32,Trimpot/Pot,1,RD901F-40-00D,,9mm,POGO_Potentiometer_THT:Potentiometer_Alpha_RD901F-40-00D_Single_Vertical_CircularHoles,Alpha (Taiwan),Thonk,https://www.thonk.co.uk/shop/alpha-9mm-pots/,block-6-svf1,BP1_FOCUS
control,RV33,Trimpot/Pot,1,RD901F-40-00D,,9mm,POGO_Potentiometer_THT:Potentiometer_Alpha_RD901F-40-00D_Single_Vertical_CircularHoles,Alpha (Taiwan),Thonk,https://www.thonk.co.uk/shop/alpha-9mm-pots/,block-6-dist1,BP1_DIST (drive)
control,RV34,Trimpot/Pot,1,RD901F-40-00D,,9mm,POGO_Potentiometer_THT:Potentiometer_Alpha_RD901F-40-00D_Single_Vertical_CircularHoles,Alpha (Taiwan),Thonk,https://www.thonk.co.uk/shop/alpha-9mm-pots/,block-6-svf2,BP2_FREQ
control,RV35,Trimpot/Pot,1,RD901F-40-00D,,9mm,POGO_Potentiometer_THT:Potentiometer_Alpha_RD901F-40-00D_Single_Vertical_CircularHoles,Alpha (Taiwan),Thonk,https://www.thonk.co.uk/shop/alpha-9mm-pots/,block-6-svf2,BP2_FOCUS
control,RV36,Trimpot/Pot,1,RD901F-40-00D,,9mm,POGO_Potentiometer_THT:Potentiometer_Alpha_RD901F-40-00D_Single_Vertical_CircularHoles,Alpha (Taiwan),Thonk,https://www.thonk.co.uk/shop/alpha-9mm-pots/,block-6-dist2,BP2_DIST (drive)
control,RV37,Trimpot/Pot,1,RD901F-40-00D,,9mm,POGO_Potentiometer_THT:Potentiometer_Alpha_RD901F-40-00D_Single_Vertical_CircularHoles,Alpha (Taiwan),Thonk,https://www.thonk.co.uk/shop/alpha-9mm-pots/,block-6-svf3,BP3_FREQ
control,RV38,Trimpot/Pot,1,RD901F-40-00D,,9mm,POGO_Potentiometer_THT:Potentiometer_Alpha_RD901F-40-00D_Single_Vertical_CircularHoles,Alpha (Taiwan),Thonk,https://www.thonk.co.uk/shop/alpha-9mm-pots/,block-6-svf3,BP3_FOCUS
control,RV39,Trimpot/Pot,1,RD901F-40-00D,,9mm,POGO_Potentiometer_THT:Potentiometer_Alpha_RD901F-40-00D_Single_Vertical_CircularHoles,Alpha (Taiwan),Thonk,https://www.thonk.co.uk/shop/alpha-9mm-pots/,block-6-dist3,BP3_DIST (drive)
control,RV48,Trimpot/Pot,1,R0904N,,9mm,POGO_Potentiometer_THT:Potentiometer_Songhuei_9mm_TallTrimmer_Vertical,Song Huei (Taiwan),Thonk,https://www.thonk.co.uk/shop/9mm-tall-trimmers/,block-6-svf1,"BP1_TILT knob (per-band tilt, bipolar; wiper → svf1 TILT summer)"
control,RV49,Trimpot/Pot,1,R0904N,,9mm,POGO_Potentiometer_THT:Potentiometer_Songhuei_9mm_TallTrimmer_Vertical,Song Huei (Taiwan),Thonk,https://www.thonk.co.uk/shop/9mm-tall-trimmers/,block-6-svf2,"BP2_TILT knob (per-band tilt, bipolar; wiper → svf2 TILT summer)"
control,RV50,Trimpot/Pot,1,R0904N,,9mm,POGO_Potentiometer_THT:Potentiometer_Songhuei_9mm_TallTrimmer_Vertical,Song Huei (Taiwan),Thonk,https://www.thonk.co.uk/shop/9mm-tall-trimmers/,block-6-svf3,"BP3_TILT knob (per-band tilt, bipolar; wiper → svf3 TILT summer)"
control,RV40,Trimpot/Pot,1,RA4522F-20-15F1,,panel,POGO_Potentiometer_THT:Potentiometer_Slider_45mm_Vertical,Alpha (Taiwan),Rapid / Banzai,https://www.rapidonline.com/taiwan-alpha-ra4522f-202-10c1-b10k-10k-45mm-slide-potentiometer-66-0142,block-7,"HP_FREQ slider (±5V/oct, default -3V)"
control,RV41,Trimpot/Pot,1,R0904N,,9mm,POGO_Potentiometer_THT:Potentiometer_Songhuei_9mm_TallTrimmer_Vertical,Song Huei (Taiwan),Thonk,https://www.thonk.co.uk/shop/9mm-tall-trimmers/,block-7,HP_RES panel trimpot (R0904N finger pot; 0–1)
control,RV42,Trimpot/Pot,1,RA4522F-20-15F1,,panel,POGO_Potentiometer_THT:Potentiometer_Slider_45mm_Vertical,Alpha (Taiwan),Rapid / Banzai,https://www.rapidonline.com/taiwan-alpha-ra4522f-202-10c1-b10k-10k-45mm-slide-potentiometer-66-0142,block-8,"LP2_FREQ slider (±5V/oct, default +2V)"
control,RV43,Trimpot/Pot,1,R0904N,,9mm,POGO_Potentiometer_THT:Potentiometer_Songhuei_9mm_TallTrimmer_Vertical,Song Huei (Taiwan),Thonk,https://www.thonk.co.uk/shop/9mm-tall-trimmers/,block-8,LP2_RES panel trimpot (R0904N finger pot; 0–1)
panel,J1,Jack,1,WQP-PJ398SM,,panel,POGO_Connector_Audio:Jack_3.5mm_QingPu_WQP-PJ398SM_Vertical_CircularHoles,Qingpu (Thonkiconn),Thonk,https://www.thonk.co.uk/shop/thonkiconn/,block-A,L_IN_INPUT
panel,J2,Jack,1,WQP-PJ398SM,,panel,POGO_Connector_Audio:Jack_3.5mm_QingPu_WQP-PJ398SM_Vertical_CircularHoles,Qingpu (Thonkiconn),Thonk,https://www.thonk.co.uk/shop/thonkiconn/,block-A,R_IN_INPUT (normalles to L)
panel,J3,Jack,1,WQP-PJ398SM,,panel,POGO_Connector_Audio:Jack_3.5mm_QingPu_WQP-PJ398SM_Vertical_CircularHoles,Qingpu (Thonkiconn),Thonk,https://www.thonk.co.uk/shop/thonkiconn/,block-1,ALT_BP_L_INPUT
panel,J4,Jack,1,WQP-PJ398SM,,panel,POGO_Connector_Audio:Jack_3.5mm_QingPu_WQP-PJ398SM_Vertical_CircularHoles,Qingpu (Thonkiconn),Thonk,https://www.thonk.co.uk/shop/thonkiconn/,block-1,ALT_BP_R_INPUT (normalles to ALT_L)
panel,J5,Jack,1,WQP-PJ398SM,,panel,POGO_Connector_Audio:Jack_3.5mm_QingPu_WQP-PJ398SM_Vertical_CircularHoles,Qingpu (Thonkiconn),Thonk,https://www.thonk.co.uk/shop/thonkiconn/,block-2,LFO1_OUTPUT
panel,J6,Jack,1,WQP-PJ398SM,,panel,POGO_Connector_Audio:Jack_3.5mm_QingPu_WQP-PJ398SM_Vertical_CircularHoles,Qingpu (Thonkiconn),Thonk,https://www.thonk.co.uk/shop/thonkiconn/,block-2,LFO2_OUTPUT
panel,J7,Jack,1,WQP-PJ398SM,,panel,POGO_Connector_Audio:Jack_3.5mm_QingPu_WQP-PJ398SM_Vertical_CircularHoles,Qingpu (Thonkiconn),Thonk,https://www.thonk.co.uk/shop/thonkiconn/,block-3,MOD_INPUT — External mod source (MOD_SRC pos 2); no LFO normal
panel,J8,Jack,1,WQP-PJ398SM,,panel,POGO_Connector_Audio:Jack_3.5mm_QingPu_WQP-PJ398SM_Vertical_CircularHoles,Qingpu (Thonkiconn),Thonk,https://www.thonk.co.uk/shop/thonkiconn/,block-3,LP1_FREQ_INPUT override
panel,J9,Jack,1,WQP-PJ398SM,,panel,POGO_Connector_Audio:Jack_3.5mm_QingPu_WQP-PJ398SM_Vertical_CircularHoles,Qingpu (Thonkiconn),Thonk,https://www.thonk.co.uk/shop/thonkiconn/,block-3,LP1_TILT_INPUT override
panel,J10,Jack,1,WQP-PJ398SM,,panel,POGO_Connector_Audio:Jack_3.5mm_QingPu_WQP-PJ398SM_Vertical_CircularHoles,Qingpu (Thonkiconn),Thonk,https://www.thonk.co.uk/shop/thonkiconn/,block-3,LP1_RES_INPUT override
panel,J11,Jack,1,WQP-PJ398SM,,panel,POGO_Connector_Audio:Jack_3.5mm_QingPu_WQP-PJ398SM_Vertical_CircularHoles,Qingpu (Thonkiconn),Thonk,https://www.thonk.co.uk/shop/thonkiconn/,block-3,BP_FREQ_INPUT override
panel,J12,Jack,1,WQP-PJ398SM,,panel,POGO_Connector_Audio:Jack_3.5mm_QingPu_WQP-PJ398SM_Vertical_CircularHoles,Qingpu (Thonkiconn),Thonk,https://www.thonk.co.uk/shop/thonkiconn/,block-3,BP_TILT_INPUT override
panel,J13,Jack,1,WQP-PJ398SM,,panel,POGO_Connector_Audio:Jack_3.5mm_QingPu_WQP-PJ398SM_Vertical_CircularHoles,Qingpu (Thonkiconn),Thonk,https://www.thonk.co.uk/shop/thonkiconn/,block-3,BP1_FREQ_INPUT override
panel,J14,Jack,1,WQP-PJ398SM,,panel,POGO_Connector_Audio:Jack_3.5mm_QingPu_WQP-PJ398SM_Vertical_CircularHoles,Qingpu (Thonkiconn),Thonk,https://www.thonk.co.uk/shop/thonkiconn/,block-3,BP1_TILT_INPUT override
panel,J15,Jack,1,WQP-PJ398SM,,panel,POGO_Connector_Audio:Jack_3.5mm_QingPu_WQP-PJ398SM_Vertical_CircularHoles,Qingpu (Thonkiconn),Thonk,https://www.thonk.co.uk/shop/thonkiconn/,block-3,BP1_DIST_INPUT override
panel,J16,Jack,1,WQP-PJ398SM,,panel,POGO_Connector_Audio:Jack_3.5mm_QingPu_WQP-PJ398SM_Vertical_CircularHoles,Qingpu (Thonkiconn),Thonk,https://www.thonk.co.uk/shop/thonkiconn/,block-3,BP2_FREQ_INPUT override
panel,J17,Jack,1,WQP-PJ398SM,,panel,POGO_Connector_Audio:Jack_3.5mm_QingPu_WQP-PJ398SM_Vertical_CircularHoles,Qingpu (Thonkiconn),Thonk,https://www.thonk.co.uk/shop/thonkiconn/,block-3,BP2_TILT_INPUT override
panel,J18,Jack,1,WQP-PJ398SM,,panel,POGO_Connector_Audio:Jack_3.5mm_QingPu_WQP-PJ398SM_Vertical_CircularHoles,Qingpu (Thonkiconn),Thonk,https://www.thonk.co.uk/shop/thonkiconn/,block-3,BP2_DIST_INPUT override
panel,J19,Jack,1,WQP-PJ398SM,,panel,POGO_Connector_Audio:Jack_3.5mm_QingPu_WQP-PJ398SM_Vertical_CircularHoles,Qingpu (Thonkiconn),Thonk,https://www.thonk.co.uk/shop/thonkiconn/,block-3,BP3_FREQ_INPUT override
panel,J20,Jack,1,WQP-PJ398SM,,panel,POGO_Connector_Audio:Jack_3.5mm_QingPu_WQP-PJ398SM_Vertical_CircularHoles,Qingpu (Thonkiconn),Thonk,https://www.thonk.co.uk/shop/thonkiconn/,block-3,BP3_TILT_INPUT override
panel,J21,Jack,1,WQP-PJ398SM,,panel,POGO_Connector_Audio:Jack_3.5mm_QingPu_WQP-PJ398SM_Vertical_CircularHoles,Qingpu (Thonkiconn),Thonk,https://www.thonk.co.uk/shop/thonkiconn/,block-3,BP3_DIST_INPUT override
panel,J22,Jack,1,WQP-PJ398SM,,panel,POGO_Connector_Audio:Jack_3.5mm_QingPu_WQP-PJ398SM_Vertical_CircularHoles,Qingpu (Thonkiconn),Thonk,https://www.thonk.co.uk/shop/thonkiconn/,block-3,HP_FREQ_INPUT override
panel,J23,Jack,1,WQP-PJ398SM,,panel,POGO_Connector_Audio:Jack_3.5mm_QingPu_WQP-PJ398SM_Vertical_CircularHoles,Qingpu (Thonkiconn),Thonk,https://www.thonk.co.uk/shop/thonkiconn/,block-3,HP_RES_INPUT override
panel,J24,Jack,1,WQP-PJ398SM,,panel,POGO_Connector_Audio:Jack_3.5mm_QingPu_WQP-PJ398SM_Vertical_CircularHoles,Qingpu (Thonkiconn),Thonk,https://www.thonk.co.uk/shop/thonkiconn/,block-3,LP2_FREQ_INPUT override
panel,J25,Jack,1,WQP-PJ398SM,,panel,POGO_Connector_Audio:Jack_3.5mm_QingPu_WQP-PJ398SM_Vertical_CircularHoles,Qingpu (Thonkiconn),Thonk,https://www.thonk.co.uk/shop/thonkiconn/,block-3,LP2_RES_INPUT override
panel,J26,Jack,1,WQP-PJ398SM,,panel,POGO_Connector_Audio:Jack_3.5mm_QingPu_WQP-PJ398SM_Vertical_CircularHoles,Qingpu (Thonkiconn),Thonk,https://www.thonk.co.uk/shop/thonkiconn/,block-4,VCA_INPUT (normalles to mod bus)
panel,J27,Jack,1,WQP-PJ398SM,,panel,POGO_Connector_Audio:Jack_3.5mm_QingPu_WQP-PJ398SM_Vertical_CircularHoles,Qingpu (Thonkiconn),Thonk,https://www.thonk.co.uk/shop/thonkiconn/,block-6-mix,BP3_L_OUTPUT
panel,J28,Jack,1,WQP-PJ398SM,,panel,POGO_Connector_Audio:Jack_3.5mm_QingPu_WQP-PJ398SM_Vertical_CircularHoles,Qingpu (Thonkiconn),Thonk,https://www.thonk.co.uk/shop/thonkiconn/,block-6-mix,BP3_R_OUTPUT
panel,J29,Jack,1,WQP-PJ398SM,,panel,POGO_Connector_Audio:Jack_3.5mm_QingPu_WQP-PJ398SM_Vertical_CircularHoles,Qingpu (Thonkiconn),Thonk,https://www.thonk.co.uk/shop/thonkiconn/,block-B,MAIN_L_OUTPUT
panel,J30,Jack,1,WQP-PJ398SM,,panel,POGO_Connector_Audio:Jack_3.5mm_QingPu_WQP-PJ398SM_Vertical_CircularHoles,Qingpu (Thonkiconn),Thonk,https://www.thonk.co.uk/shop/thonkiconn/,block-B,MAIN_R_OUTPUT
